/*
SQLyog Ultimate v11.24 (64 bit)
MySQL - 5.6.44-log : Database - puppet
*********************************************************************
*/

/*!40101 SET NAMES utf8 */;

/*!40101 SET SQL_MODE=''*/;

/*!40014 SET @OLD_UNIQUE_CHECKS=@@UNIQUE_CHECKS, UNIQUE_CHECKS=0 */;
/*!40101 SET @OLD_SQL_MODE=@@SQL_MODE, SQL_MODE='NO_AUTO_VALUE_ON_ZERO' */;
/*!40111 SET @OLD_SQL_NOTES=@@SQL_NOTES, SQL_NOTES=0 */;
USE `puppet`;

/*Data for the table `t_db_config` */

insert  into `t_db_config`(`id`,`server_id`,`db_id`,`db_type`,`db_tag`,`expire`,`bk_base`,`script_path`,`script_file`,`bk_cmd`,`run_time`,`comments`,`python3_home`,`backup_databases`,`api_server`,`status`,`task_status`) values (1,15,1,'0','mysql_10_2_39_40_3306',7,'/home/hopson/apps/usr/webserver/dba/db_backup/mysqldump_dev','/home/hopson/apps/usr/webserver/dba/script','mysql_backup.py','/usr/local/mysql5.6/bin/mysqldump','0 9 * * *','合生通mysql开发环境备份','/home/hopson/apps/usr/webserver/dba/python3.6.0','','10.2.39.18','1','0');
insert  into `t_db_config`(`id`,`server_id`,`db_id`,`db_type`,`db_tag`,`expire`,`bk_base`,`script_path`,`script_file`,`bk_cmd`,`run_time`,`comments`,`python3_home`,`backup_databases`,`api_server`,`status`,`task_status`) values (2,15,2,'0','mysql_10_2_39_80_3306',7,'/home/hopson/apps/usr/webserver/dba/db_backup/mysqldump_uat','/home/hopson/apps/usr/webserver/dba/script','mysql_backup.py','/usr/local/mysql5.6/bin/mysqldump','30 9 * * *','合生通mysql测试环境备份','/home/hopson/apps/usr/webserver/dba/python3.6.0','','10.2.39.18','1','0');
insert  into `t_db_config`(`id`,`server_id`,`db_id`,`db_type`,`db_tag`,`expire`,`bk_base`,`script_path`,`script_file`,`bk_cmd`,`run_time`,`comments`,`python3_home`,`backup_databases`,`api_server`,`status`,`task_status`) values (3,15,3,'6','mongo_10_2_39_41_27016',7,'/home/hopson/apps/usr/webserver/dba/db_backup/mongodump_dev','/home/hopson/apps/usr/webserver/dba/script','mongo_backup.py','/usr/local/mongod3211/bin/mongodump','0 9 * * *','合生通MongoDB开发环境备份','/home/hopson/apps/usr/webserver/dba/python3.6.0','','10.2.39.18','1','0');
insert  into `t_db_config`(`id`,`server_id`,`db_id`,`db_type`,`db_tag`,`expire`,`bk_base`,`script_path`,`script_file`,`bk_cmd`,`run_time`,`comments`,`python3_home`,`backup_databases`,`api_server`,`status`,`task_status`) values (4,15,4,'6','mongo_10_2_39_71_27016',7,'/home/hopson/apps/usr/webserver/dba/db_backup/mongodump_uat','/home/hopson/apps/usr/webserver/dba/script','mongo_backup.py','/usr/local/mongod3211/bin/mongodump','0 9 * * *','合生通MongoDB测试环境备份','/home/hopson/apps/usr/webserver/dba/python3.6.0','','10.2.39.18','1','0');
insert  into `t_db_config`(`id`,`server_id`,`db_id`,`db_type`,`db_tag`,`expire`,`bk_base`,`script_path`,`script_file`,`bk_cmd`,`run_time`,`comments`,`python3_home`,`backup_databases`,`api_server`,`status`,`task_status`) values (6,15,7,'4','elasticserach_10_2_39_41_9200',7,'/home/hopson/apps/usr/webserver/dba/db_backup/elasticdump_dev','/home/hopson/apps/usr/webserver/dba/script','elastic_backup.py','/home/hopson/apps/usr/webserver/dba/tools/node_modules/elasticdump/bin/elasticdump','0 9 * * *','合生通ElasticSearch开发环境备份','/home/hopson/apps/usr/webserver/dba/python3.6.0','','10.2.39.18','1','0');
insert  into `t_db_config`(`id`,`server_id`,`db_id`,`db_type`,`db_tag`,`expire`,`bk_base`,`script_path`,`script_file`,`bk_cmd`,`run_time`,`comments`,`python3_home`,`backup_databases`,`api_server`,`status`,`task_status`) values (7,15,8,'4','elasticserach_10_2_39_71_9200',7,'/home/hopson/apps/usr/webserver/dba/db_backup/elasticdump_uat','/home/hopson/apps/usr/webserver/dba/script','elastic_backup.py','/home/hopson/apps/usr/webserver/dba/tools/node_modules/elasticdump/bin/elasticdump','0 9 * * *','合生通ElasticSearch测试环境备份','/home/hopson/apps/usr/webserver/dba/python3.6.0','','10.2.39.18','1','0');
insert  into `t_db_config`(`id`,`server_id`,`db_id`,`db_type`,`db_tag`,`expire`,`bk_base`,`script_path`,`script_file`,`bk_cmd`,`run_time`,`comments`,`python3_home`,`backup_databases`,`api_server`,`status`,`task_status`) values (8,15,5,'5','redis_10_2_39_40_7000',7,'/home/hopson/apps/usr/webserver/dba/db_backup/redis_dev','/home/hopson/apps/usr/webserver/dba/script','redis_backup.py','/home/hopson/.rvm/gems/ruby-2.5.1/bin/redis-dump','30 9 * * *','合生通Redis开发环境备份','/home/hopson/apps/usr/webserver/dba/python3.6.0','','10.2.39.18','1','0');
insert  into `t_db_config`(`id`,`server_id`,`db_id`,`db_type`,`db_tag`,`expire`,`bk_base`,`script_path`,`script_file`,`bk_cmd`,`run_time`,`comments`,`python3_home`,`backup_databases`,`api_server`,`status`,`task_status`) values (9,15,6,'5','redis_10_2_39_70_6379',7,'/home/hopson/apps/usr/webserver/dba/db_backup/redis_uat','/home/hopson/apps/usr/webserver/dba/script','redis_backup.py','/home/hopson/.rvm/gems/ruby-2.5.1/bin/redis-dump','30 9 * * *','合生通Redis测试环境备份','/home/hopson/apps/usr/webserver/dba/python3.6.0','','10.2.39.18','1','0');
insert  into `t_db_config`(`id`,`server_id`,`db_id`,`db_type`,`db_tag`,`expire`,`bk_base`,`script_path`,`script_file`,`bk_cmd`,`run_time`,`comments`,`python3_home`,`backup_databases`,`api_server`,`status`,`task_status`) values (11,17,9,'0','mysql_172.17.31.171_3306',3,'/home/hopson/apps/usr/webserver/dba/db_backup/mysqldump_bi','/home/hopson/apps/usr/webserver/dba/script','mysql_backup.py','/home/hopson/apps/usr/webserver/mysql5.6/bin/mysqldump','0 2 * * *','合生通mysql生产环境[bi]备份','/home/hopson/apps/usr/webserver/python3.6.0','','124.127.103.190:65480','1','0');
insert  into `t_db_config`(`id`,`server_id`,`db_id`,`db_type`,`db_tag`,`expire`,`bk_base`,`script_path`,`script_file`,`bk_cmd`,`run_time`,`comments`,`python3_home`,`backup_databases`,`api_server`,`status`,`task_status`) values (12,17,10,'0','mysql_172.17.219.137_3306',5,'/home/hopson/apps/usr/webserver/dba/db_backup/mysqldump_prod','/home/hopson/apps/usr/webserver/dba/script','mysql_backup.py','/home/hopson/apps/usr/webserver/mysql5.6/bin/mysqldump','30 23 * * *','合生通mysql生产环境[biz]备份','/home/hopson/apps/usr/webserver/python3.6.0','','124.127.103.190:65480','1','0');
insert  into `t_db_config`(`id`,`server_id`,`db_id`,`db_type`,`db_tag`,`expire`,`bk_base`,`script_path`,`script_file`,`bk_cmd`,`run_time`,`comments`,`python3_home`,`backup_databases`,`api_server`,`status`,`task_status`) values (13,17,11,'0','mysql_172.17.194.53_3306',7,'/home/hopson/apps/usr/webserver/dba/db_backup/mysqldump_pre','/home/hopson/apps/usr/webserver/dba/script','mysql_backup.py','/home/hopson/apps/usr/webserver/mysql5.6/bin/mysqldump','0 2 * * *','合生通mysql预生产环境[pre]备份','/home/hopson/apps/usr/webserver/python3.6.0','','124.127.103.190:65480','1','0');
insert  into `t_db_config`(`id`,`server_id`,`db_id`,`db_type`,`db_tag`,`expire`,`bk_base`,`script_path`,`script_file`,`bk_cmd`,`run_time`,`comments`,`python3_home`,`backup_databases`,`api_server`,`status`,`task_status`) values (14,17,12,'0','mysql_172.17.194.50_3306',7,'/home/hopson/apps/usr/webserver/dba/db_backup/mysqldump_viki','/home/hopson/apps/usr/webserver/dba/script','mysql_backup.py','/home/hopson/apps/usr/webserver/mysql5.6/bin/mysqldump','30 2 * * *','合生通mysql生产环境[viki]备份','/home/hopson/apps/usr/webserver/python3.6.0','','124.127.103.190:65480','1','0');
insert  into `t_db_config`(`id`,`server_id`,`db_id`,`db_type`,`db_tag`,`expire`,`bk_base`,`script_path`,`script_file`,`bk_cmd`,`run_time`,`comments`,`python3_home`,`backup_databases`,`api_server`,`status`,`task_status`) values (15,17,13,'0','mysql_39.100.112.62_3306',7,'/home/hopson/apps/usr/webserver/dba/db_backup/mysqldump_h3bpm','/home/hopson/apps/usr/webserver/dba/script','mysql_backup.py','/home/hopson/apps/usr/webserver/mysql5.6/bin/mysqldump','30 3 * * *','合生通mysql生产环境[h3bpm]备份','/home/hopson/apps/usr/webserver/python3.6.0','','124.127.103.190:65480','1','0');
insert  into `t_db_config`(`id`,`server_id`,`db_id`,`db_type`,`db_tag`,`expire`,`bk_base`,`script_path`,`script_file`,`bk_cmd`,`run_time`,`comments`,`python3_home`,`backup_databases`,`api_server`,`status`,`task_status`) values (16,15,25,'0','mysql_10_2_39_58_3306',7,'/home/hopson/apps/usr/webserver/dba/db_backup/mysqldump_h3bpm','/home/hopson/apps/usr/webserver/dba/script','mysql_backup.py','/usr/local/mysql5.6/bin/mysqldump','30 1 * * *','合生通&好房h3bpm测试环境备份','/home/hopson/apps/usr/webserver/dba/python3.6.0','','10.2.39.18','1','0');
insert  into `t_db_config`(`id`,`server_id`,`db_id`,`db_type`,`db_tag`,`expire`,`bk_base`,`script_path`,`script_file`,`bk_cmd`,`run_time`,`comments`,`python3_home`,`backup_databases`,`api_server`,`status`,`task_status`) values (17,17,26,'6','mongo_172_17_194_51_27016',7,'/home/hopson/apps/usr/webserver/dba/db_backup/mongodump_pre','/home/hopson/apps/usr/webserver/dba/script','mongo_backup.py','/home/hopson/apps/usr/webserver/mongod3.4.6/bin/mongodump','0 7 * * *','合生通mongodb预生产环境[pre]备份','/home/hopson/apps/usr/webserver/python3.6.0','','124.127.103.190:65480','1','0');
insert  into `t_db_config`(`id`,`server_id`,`db_id`,`db_type`,`db_tag`,`expire`,`bk_base`,`script_path`,`script_file`,`bk_cmd`,`run_time`,`comments`,`python3_home`,`backup_databases`,`api_server`,`status`,`task_status`) values (18,17,27,'4','elasticserach_172_17_194_51_9200',7,'/home/hopson/apps/usr/webserver/dba/db_backup/elasticdump_pre','/home/hopson/apps/usr/webserver/dba/script','elastic_backup.py','/home/hopson/apps/usr/webserver/db_tools/node-v9.7.1-linux-x64/bin/elasticdump','30 4 * * *','合生通elasticsearch预生产环境备份','/home/hopson/apps/usr/webserver/python3.6.0','','124.127.103.190:65480','1','0');
insert  into `t_db_config`(`id`,`server_id`,`db_id`,`db_type`,`db_tag`,`expire`,`bk_base`,`script_path`,`script_file`,`bk_cmd`,`run_time`,`comments`,`python3_home`,`backup_databases`,`api_server`,`status`,`task_status`) values (19,17,28,'5','redis_172.17.194.51_6379',7,'/home/hopson/apps/usr/webserver/dba/db_backup/redis_pre','/home/hopson/apps/usr/webserver/dba/script','redis_backup.py','/home/hopson/.rvm/gems/ruby-2.5.1/bin/redis-dump','30 6 * * *','合生通redis预发布环境_one备份','/home/hopson/apps/usr/webserver/python3.6.0','','124.127.103.190:65480','1','0');
insert  into `t_db_config`(`id`,`server_id`,`db_id`,`db_type`,`db_tag`,`expire`,`bk_base`,`script_path`,`script_file`,`bk_cmd`,`run_time`,`comments`,`python3_home`,`backup_databases`,`api_server`,`status`,`task_status`) values (20,17,29,'5','redis_172.17.194.51_6380',7,'/home/hopson/apps/usr/webserver/dba/db_backup/redis_pre','/home/hopson/apps/usr/webserver/dba/script','redis_backup.py','/home/hopson/.rvm/gems/ruby-2.5.1/bin/redis-dump','0 7 * * *','合生通redis预发布环境_mall备份','/home/hopson/apps/usr/webserver/python3.6.0','','124.127.103.190:65480','1','0');
insert  into `t_db_config`(`id`,`server_id`,`db_id`,`db_type`,`db_tag`,`expire`,`bk_base`,`script_path`,`script_file`,`bk_cmd`,`run_time`,`comments`,`python3_home`,`backup_databases`,`api_server`,`status`,`task_status`) values (21,17,32,'5','redis_172.17.41.169_6379',7,'/home/hopson/apps/usr/webserver/dba/db_backup/redis_prod','/home/hopson/apps/usr/webserver/dba/script','redis_backup.py','/home/hopson/.rvm/gems/ruby-2.5.1/bin/redis-dump','0 6 * * *','合生通redis生产环境-mall备份','/home/hopson/apps/usr/webserver/python3.6.0','','124.127.103.190:65480','1','0');
insert  into `t_db_config`(`id`,`server_id`,`db_id`,`db_type`,`db_tag`,`expire`,`bk_base`,`script_path`,`script_file`,`bk_cmd`,`run_time`,`comments`,`python3_home`,`backup_databases`,`api_server`,`status`,`task_status`) values (22,17,31,'5','redis_172.17.194.46_6379',7,'/home/hopson/apps/usr/webserver/dba/db_backup/redis_prod','/home/hopson/apps/usr/webserver/dba/script','redis_backup.py','/home/hopson/.rvm/gems/ruby-2.5.1/bin/redis-dump','30 5 * * *','合生通redis生产环境-one备份','/home/hopson/apps/usr/webserver/python3.6.0','','124.127.103.190:65480','1','0');
insert  into `t_db_config`(`id`,`server_id`,`db_id`,`db_type`,`db_tag`,`expire`,`bk_base`,`script_path`,`script_file`,`bk_cmd`,`run_time`,`comments`,`python3_home`,`backup_databases`,`api_server`,`status`,`task_status`) values (23,15,36,'0','mysql_10_2_39_18_3306',7,'/home/hopson/apps/usr/webserver/dba/db_backup/mysqldump_dbops','/home/hopson/apps/usr/webserver/dba/script','mysql_backup.py','/usr/local/mysql5.6/bin/mysqldump','30 17 * * *','合生通mysql数据库运维平台备份','/home/hopson/apps/usr/webserver/dba/python3.6.0','','10.2.39.18','1','0');
insert  into `t_db_config`(`id`,`server_id`,`db_id`,`db_type`,`db_tag`,`expire`,`bk_base`,`script_path`,`script_file`,`bk_cmd`,`run_time`,`comments`,`python3_home`,`backup_databases`,`api_server`,`status`,`task_status`) values (24,17,30,'4','elasticserach_172.17.194.36_9200',3,'/home/hopson/apps/usr/webserver/dba/db_backup/elasticdump_prod','/home/hopson/apps/usr/webserver/dba/script','elastic_backup.py','/home/hopson/apps/usr/webserver/db_tools/node-v9.7.1-linux-x64/bin/elasticdump','30 4 * * *','合生通elasticsearch生产环境备份','/home/hopson/apps/usr/webserver/python3.6.0','','124.127.103.190:65480','1','0');
insert  into `t_db_config`(`id`,`server_id`,`db_id`,`db_type`,`db_tag`,`expire`,`bk_base`,`script_path`,`script_file`,`bk_cmd`,`run_time`,`comments`,`python3_home`,`backup_databases`,`api_server`,`status`,`task_status`) values (25,17,47,'6','mongo_172.17.194.37_27016',7,'/home/hopson/apps/usr/webserver/dba/db_backup/mongodump_prod','/home/hopson/apps/usr/webserver/dba/script','mongo_backup.py','/home/hopson/apps/usr/webserver/mongod3.4.6/bin/mongodump','30 6 * * *','合生通mongodb生产环境[prod]备份','/home/hopson/apps/usr/webserver/python3.6.0','','124.127.103.190:65480','1','0');
insert  into `t_db_config`(`id`,`server_id`,`db_id`,`db_type`,`db_tag`,`expire`,`bk_base`,`script_path`,`script_file`,`bk_cmd`,`run_time`,`comments`,`python3_home`,`backup_databases`,`api_server`,`status`,`task_status`) values (26,36,66,'0','mysql_172_26_0_79_3306',30,'/home/hopson/apps/usr/webserver/dba/db_backup/mysqldump_prod','/home/hopson/apps/usr/webserver/dba/script','mysql_backup.py','/usr/bin/mysqldump','0 1 * * *','好房mysql生产环境-[biz]备份','/home/hopson/apps/usr/webserver/python3.6.0','','124.127.103.190:65480','1','0');
insert  into `t_db_config`(`id`,`server_id`,`db_id`,`db_type`,`db_tag`,`expire`,`bk_base`,`script_path`,`script_file`,`bk_cmd`,`run_time`,`comments`,`python3_home`,`backup_databases`,`api_server`,`status`,`task_status`) values (27,36,70,'0','mysql_47_92_46_247_3306',30,'/home/hopson/apps/usr/webserver/dba/db_backup/mysqldump_bi','/home/hopson/apps/usr/webserver/dba/script','mysql_backup.py','/usr/bin/mysqldump','0 2 * * *','好房mysql生产环境-[bi]备份','/home/hopson/apps/usr/webserver/python3.6.0','','124.127.103.190:65480','1','0');
insert  into `t_db_config`(`id`,`server_id`,`db_id`,`db_type`,`db_tag`,`expire`,`bk_base`,`script_path`,`script_file`,`bk_cmd`,`run_time`,`comments`,`python3_home`,`backup_databases`,`api_server`,`status`,`task_status`) values (28,36,71,'0','mysql_172_26_0_96_3306',30,'/home/hopson/apps/usr/webserver/dba/db_backup/mysqldump_gray','/home/hopson/apps/usr/webserver/dba/script','mysql_backup.py','/usr/bin/mysqldump','0 3 * * *','好房mysql灰度环境备份','/home/hopson/apps/usr/webserver/python3.6.0','','124.127.103.190:65480','1','0');
insert  into `t_db_config`(`id`,`server_id`,`db_id`,`db_type`,`db_tag`,`expire`,`bk_base`,`script_path`,`script_file`,`bk_cmd`,`run_time`,`comments`,`python3_home`,`backup_databases`,`api_server`,`status`,`task_status`) values (29,36,72,'6','mongo_172_26_0_75_27017',30,'/home/hopson/apps/usr/webserver/dba/db_backup/mongodump_prod','/home/hopson/apps/usr/webserver/dba/script','mongo_backup.py','/home/hopson/apps/usr/webserver/mongod3.4.6/bin/mongodump','0 4 * * *','好房mongodb生产环境[prod]备份','/home/hopson/apps/usr/webserver/python3.6.0','','124.127.103.190:65480','1','0');
insert  into `t_db_config`(`id`,`server_id`,`db_id`,`db_type`,`db_tag`,`expire`,`bk_base`,`script_path`,`script_file`,`bk_cmd`,`run_time`,`comments`,`python3_home`,`backup_databases`,`api_server`,`status`,`task_status`) values (30,36,73,'5','redis_172_26_0_74_6379',30,'/home/hopson/apps/usr/webserver/dba/db_backup/redis_prod','/home/hopson/apps/usr/webserver/dba/script','redis_backup.py','/home/hopson/.rvm/gems/ruby-2.5.1/bin/redis-dump','0 5 * * *','好房redis生产环境[prod]备份','/home/hopson/apps/usr/webserver/python3.6.0','','124.127.103.190:65480','1','0');
insert  into `t_db_config`(`id`,`server_id`,`db_id`,`db_type`,`db_tag`,`expire`,`bk_base`,`script_path`,`script_file`,`bk_cmd`,`run_time`,`comments`,`python3_home`,`backup_databases`,`api_server`,`status`,`task_status`) values (31,36,74,'4','elasticserach_172_26_0_74_9200',30,'/home/hopson/apps/usr/webserver/dba/db_backup/elasticdump_prod','/home/hopson/apps/usr/webserver/dba/script','elastic_backup.py','/usr/local/bin/elasticdump','0 2 * * *','好房elasticsearch生产环境备份','/home/hopson/apps/usr/webserver/python3.6.0','','124.127.103.190:65480','1','0');
insert  into `t_db_config`(`id`,`server_id`,`db_id`,`db_type`,`db_tag`,`expire`,`bk_base`,`script_path`,`script_file`,`bk_cmd`,`run_time`,`comments`,`python3_home`,`backup_databases`,`api_server`,`status`,`task_status`) values (32,15,75,'0','mysql_10_2_39_225_3306',7,'/home/hopson/apps/usr/webserver/dba/db_backup/mysqldump_zabbix','/home/hopson/apps/usr/webserver/dba/script','mysql_backup.py','/usr/local/mysql5.6/bin/mysqldump','0 1 * * *','合生通zabbix生产环境[内网]备份','/home/hopson/apps/usr/webserver/dba/python3.6.0','','10.2.39.18','1','0');
insert  into `t_db_config`(`id`,`server_id`,`db_id`,`db_type`,`db_tag`,`expire`,`bk_base`,`script_path`,`script_file`,`bk_cmd`,`run_time`,`comments`,`python3_home`,`backup_databases`,`api_server`,`status`,`task_status`) values (33,15,82,'0','mysql_10_2_39_97_3306',7,'/home/hopson/apps/usr/webserver/dba/db_backup/mysqldump_easylife_dev','/home/hopson/apps/usr/webserver/dba/script','mysql_backup.py','/usr/local/mysql5.6/bin/mysqldump','0 2 * * *','好房mysql开发环境-[dev]-[backup]备份','/home/hopson/apps/usr/webserver/dba/python3.6.0','','10.2.39.18','1','0');
insert  into `t_db_config`(`id`,`server_id`,`db_id`,`db_type`,`db_tag`,`expire`,`bk_base`,`script_path`,`script_file`,`bk_cmd`,`run_time`,`comments`,`python3_home`,`backup_databases`,`api_server`,`status`,`task_status`) values (34,15,83,'0','mysql_10_2_39_129_3306',7,'/home/hopson/apps/usr/webserver/dba/db_backup/mysqldump_easylife_uat','/home/hopson/apps/usr/webserver/dba/script','mysql_backup.py','/usr/local/mysql5.6/bin/mysqldump','30 2 * * *','好房mysql开发环境-[uat]-[backup]备份','/home/hopson/apps/usr/webserver/dba/python3.6.0','','10.2.39.18','1','0');
insert  into `t_db_config`(`id`,`server_id`,`db_id`,`db_type`,`db_tag`,`expire`,`bk_base`,`script_path`,`script_file`,`bk_cmd`,`run_time`,`comments`,`python3_home`,`backup_databases`,`api_server`,`status`,`task_status`) values (35,17,84,'0','mysql_172_17_41_177_3306',7,'/home/hopson/apps/usr/webserver/dba/db_backup/mysqldump_prod_hft','/home/hopson/apps/usr/webserver/dba/script','mysql_backup.py','/home/hopson/apps/usr/webserver/mysql5.6/bin/mysqldump','30 0 * * *','合生通mysql会付通-生产环境-[biz]备份','/home/hopson/apps/usr/webserver/python3.6.0','','124.127.103.190:65480','1','0');

/*Data for the table `t_db_source` */

insert  into `t_db_source`(`id`,`ip`,`port`,`service`,`status`,`creation_date`,`creator`,`last_update_date`,`updator`,`user`,`password`,`db_type`,`db_source_type`,`db_desc`,`db_env`,`inst_type`,`market_id`) values (1,'10.2.39.40','3306','','1','2019-10-22','DBA','2019-11-03','DBA','puppet','7D86F7A83E38AD4DFB15C0AFEFF7D310','0','1','合生通mysql开发环境','3','1','000');
insert  into `t_db_source`(`id`,`ip`,`port`,`service`,`status`,`creation_date`,`creator`,`last_update_date`,`updator`,`user`,`password`,`db_type`,`db_source_type`,`db_desc`,`db_env`,`inst_type`,`market_id`) values (2,'10.2.39.80','3306','','1','2019-10-23','DBA','2019-11-03','DBA','puppet','7D86F7A83E38AD4DFB15C0AFEFF7D310','0','1','合生通mysql测试环境','2','1','000');
insert  into `t_db_source`(`id`,`ip`,`port`,`service`,`status`,`creation_date`,`creator`,`last_update_date`,`updator`,`user`,`password`,`db_type`,`db_source_type`,`db_desc`,`db_env`,`inst_type`,`market_id`) values (3,'10.2.39.41','27016','','1','2019-10-24','DBA','2019-11-03','DBA','','0143DB63EE66B0CDFF9F69917680151E','6','1','合生通mongodb开发环境','3','1','000');
insert  into `t_db_source`(`id`,`ip`,`port`,`service`,`status`,`creation_date`,`creator`,`last_update_date`,`updator`,`user`,`password`,`db_type`,`db_source_type`,`db_desc`,`db_env`,`inst_type`,`market_id`) values (4,'10.2.39.71','27016','','1','2019-10-24','DBA','2019-11-18','DBA','','0143DB63EE66B0CDFF9F69917680151E','6','1','合生通mongodb测试环境','2','1','000');
insert  into `t_db_source`(`id`,`ip`,`port`,`service`,`status`,`creation_date`,`creator`,`last_update_date`,`updator`,`user`,`password`,`db_type`,`db_source_type`,`db_desc`,`db_env`,`inst_type`,`market_id`) values (5,'10.2.39.40','7000','','1','2019-10-26','DBA','2019-11-03','DBA','','0143DB63EE66B0CDFF9F69917680151E','5','1','合生通redis开发环境','3','1','000');
insert  into `t_db_source`(`id`,`ip`,`port`,`service`,`status`,`creation_date`,`creator`,`last_update_date`,`updator`,`user`,`password`,`db_type`,`db_source_type`,`db_desc`,`db_env`,`inst_type`,`market_id`) values (6,'10.2.39.70','6379','','1','2019-10-26','DBA','2019-11-03','DBA','','0143DB63EE66B0CDFF9F69917680151E','5','1','合生通redis测试环境','2','1','000');
insert  into `t_db_source`(`id`,`ip`,`port`,`service`,`status`,`creation_date`,`creator`,`last_update_date`,`updator`,`user`,`password`,`db_type`,`db_source_type`,`db_desc`,`db_env`,`inst_type`,`market_id`) values (7,'10.2.39.41','9200','','1','2019-10-26','DBA','2019-11-03','DBA','','0143DB63EE66B0CDFF9F69917680151E','4','1','合生通elasticsearch开发环境','3','1','000');
insert  into `t_db_source`(`id`,`ip`,`port`,`service`,`status`,`creation_date`,`creator`,`last_update_date`,`updator`,`user`,`password`,`db_type`,`db_source_type`,`db_desc`,`db_env`,`inst_type`,`market_id`) values (8,'10.2.39.71','9200','','1','2019-10-26','DBA','2019-11-03','DBA','','0143DB63EE66B0CDFF9F69917680151E','4','1','合生通elasticsearch测试环境','2','1','000');
insert  into `t_db_source`(`id`,`ip`,`port`,`service`,`status`,`creation_date`,`creator`,`last_update_date`,`updator`,`user`,`password`,`db_type`,`db_source_type`,`db_desc`,`db_env`,`inst_type`,`market_id`) values (9,'rm-2zer0v9g25bgu4rx4.mysql.rds.aliyuncs.com','3306','','1','2019-10-29','DBA','2019-11-03','DBA','puppet','7D86F7A83E38AD4DFB15C0AFEFF7D310','0','1','合生通mysql生产环境[bi]','1','2','000');
insert  into `t_db_source`(`id`,`ip`,`port`,`service`,`status`,`creation_date`,`creator`,`last_update_date`,`updator`,`user`,`password`,`db_type`,`db_source_type`,`db_desc`,`db_env`,`inst_type`,`market_id`) values (10,'rr-2zekl959654j1k49r.mysql.rds.aliyuncs.com','3306','','1','2019-10-29','DBA','2019-11-03','DBA','puppet','7D86F7A83E38AD4DFB15C0AFEFF7D310','0','1','合生通mysql生产环境[biz]','1','2','000');
insert  into `t_db_source`(`id`,`ip`,`port`,`service`,`status`,`creation_date`,`creator`,`last_update_date`,`updator`,`user`,`password`,`db_type`,`db_source_type`,`db_desc`,`db_env`,`inst_type`,`market_id`) values (11,'172.17.194.53','3306','','1','2019-10-29','DBA','2019-11-03','DBA','puppet','7D86F7A83E38AD4DFB15C0AFEFF7D310','0','1','合生通MySQL预生产环境[pre]','4','1','000');
insert  into `t_db_source`(`id`,`ip`,`port`,`service`,`status`,`creation_date`,`creator`,`last_update_date`,`updator`,`user`,`password`,`db_type`,`db_source_type`,`db_desc`,`db_env`,`inst_type`,`market_id`) values (12,'172.17.194.50','3306','','1','2019-10-29','DBA','2019-11-03','DBA','puppet','7D86F7A83E38AD4DFB15C0AFEFF7D310','0','1','合生通mysql生产环境[viki]','1','1','000');
insert  into `t_db_source`(`id`,`ip`,`port`,`service`,`status`,`creation_date`,`creator`,`last_update_date`,`updator`,`user`,`password`,`db_type`,`db_source_type`,`db_desc`,`db_env`,`inst_type`,`market_id`) values (13,'39.100.112.62','3306','','1','2019-10-29','DBA','2019-11-03','DBA','puppet','7D86F7A83E38AD4DFB15C0AFEFF7D310','0','1','合生通mysql生产环境[h3bpm]','1','1','000');
insert  into `t_db_source`(`id`,`ip`,`port`,`service`,`status`,`creation_date`,`creator`,`last_update_date`,`updator`,`user`,`password`,`db_type`,`db_source_type`,`db_desc`,`db_env`,`inst_type`,`market_id`) values (14,'10.16.34.3','1433','ipva_s0400_b1','1','2019-10-31','DBA','2019-11-03','DBA','bi','4AF35F64DBDA0A1296AFDD53261E69F5','2','2','北京朝阳合生汇mssql客流库','1','1','218');
insert  into `t_db_source`(`id`,`ip`,`port`,`service`,`status`,`creation_date`,`creator`,`last_update_date`,`updator`,`user`,`password`,`db_type`,`db_source_type`,`db_desc`,`db_env`,`inst_type`,`market_id`) values (16,'rm-2ze9y75wip0929gy86o.mysql.rds.aliyuncs.com','3306','','1','2019-11-02','DBA','2019-11-03','DBA','apptong','C421557C5CC568DA201FE8666F61A1349CC55001CED6A8D98B8917C810C93CE1BE0DCD7D47B179FCCD1C2975470A361B','0','2','合生通mysql生产环境-[biz]','1','2','000');
insert  into `t_db_source`(`id`,`ip`,`port`,`service`,`status`,`creation_date`,`creator`,`last_update_date`,`updator`,`user`,`password`,`db_type`,`db_source_type`,`db_desc`,`db_env`,`inst_type`,`market_id`) values (18,'192.168.10.200','1433','tingcheeasydb','1','2019-11-02','DBA','2019-11-03','DBA','sa','FB7FEBC38982266A4FB75B3E5352B91D','2','2','北京朝阳合生汇mssql车流库','1','1','218');
insert  into `t_db_source`(`id`,`ip`,`port`,`service`,`status`,`creation_date`,`creator`,`last_update_date`,`updator`,`user`,`password`,`db_type`,`db_source_type`,`db_desc`,`db_env`,`inst_type`,`market_id`) values (19,'rm-2zer0v9g25bgu4rx43o.mysql.rds.aliyuncs.com','3306','','1','2019-11-02','DBA','2019-11-18','DBA','hopsononebi_2019','11915F1409E783704226E558C415DCE420061FEDCA75DAA283608D8491B636EF','0','2','合生通mysql生产环境-[bi]','1','2','000');
insert  into `t_db_source`(`id`,`ip`,`port`,`service`,`status`,`creation_date`,`creator`,`last_update_date`,`updator`,`user`,`password`,`db_type`,`db_source_type`,`db_desc`,`db_env`,`inst_type`,`market_id`) values (20,'10.16.34.14','3306','','1','2019-11-03','DBA','2019-11-03','DBA','sync','26F21C959E9BAEBA94A9CAA92999953D','0','2','北京朝阳合生汇mysql项目库','1','1','218');
insert  into `t_db_source`(`id`,`ip`,`port`,`service`,`status`,`creation_date`,`creator`,`last_update_date`,`updator`,`user`,`password`,`db_type`,`db_source_type`,`db_desc`,`db_env`,`inst_type`,`market_id`) values (21,'10.16.34.202\\jsst','1433','parkingGuide','1','2019-11-03','DBA','2019-11-07','DBA','bi','4AF35F64DBDA0A1296AFDD53261E69F5','2',NULL,'北京朝阳合生汇mssql反向寻车库','1','1','218');
insert  into `t_db_source`(`id`,`ip`,`port`,`service`,`status`,`creation_date`,`creator`,`last_update_date`,`updator`,`user`,`password`,`db_type`,`db_source_type`,`db_desc`,`db_env`,`inst_type`,`market_id`) values (22,'10.61.101.245','49221','IPVA_S0400_B1','1','2019-11-04','DBA','2019-11-15','DBA','bi','4AF35F64DBDA0A1296AFDD53261E69F5','2',NULL,'上海五角场mssql客流库','1','1','110');
insert  into `t_db_source`(`id`,`ip`,`port`,`service`,`status`,`creation_date`,`creator`,`last_update_date`,`updator`,`user`,`password`,`db_type`,`db_source_type`,`db_desc`,`db_env`,`inst_type`,`market_id`) values (23,'192.168.0.83','3306','','1','2019-11-04','DBA','2019-11-04','DBA','sync','26F21C959E9BAEBA94A9CAA92999953D','0',NULL,'上海五角场mysql项目库','1','1','110');
insert  into `t_db_source`(`id`,`ip`,`port`,`service`,`status`,`creation_date`,`creator`,`last_update_date`,`updator`,`user`,`password`,`db_type`,`db_source_type`,`db_desc`,`db_env`,`inst_type`,`market_id`) values (24,'192.168.0.199','1433','JSCESHI','1','2019-11-04','DBA','2019-11-04','DBA','hst','B9B177F5BB6F072574DA63681AECB684','2',NULL,'上海五角场mssql车流库','1','1','110');
insert  into `t_db_source`(`id`,`ip`,`port`,`service`,`status`,`creation_date`,`creator`,`last_update_date`,`updator`,`user`,`password`,`db_type`,`db_source_type`,`db_desc`,`db_env`,`inst_type`,`market_id`) values (25,'10.2.39.58','3306','','1','2019-11-05','DBA','2019-11-05','DBA','puppet','7D86F7A83E38AD4DFB15C0AFEFF7D310','0',NULL,'合生通&好房h3bpm测试环境','2','1','000');
insert  into `t_db_source`(`id`,`ip`,`port`,`service`,`status`,`creation_date`,`creator`,`last_update_date`,`updator`,`user`,`password`,`db_type`,`db_source_type`,`db_desc`,`db_env`,`inst_type`,`market_id`) values (26,'172.17.194.51','27016','','1','2019-11-06','DBA','2019-11-06','DBA','','0143DB63EE66B0CDFF9F69917680151E','6',NULL,'合生通mongodb预生产环境[pre]','4','1','000');
insert  into `t_db_source`(`id`,`ip`,`port`,`service`,`status`,`creation_date`,`creator`,`last_update_date`,`updator`,`user`,`password`,`db_type`,`db_source_type`,`db_desc`,`db_env`,`inst_type`,`market_id`) values (27,'172.17.194.51','9200','','1','2019-11-06','DBA','2019-11-06','DBA','','0143DB63EE66B0CDFF9F69917680151E','4',NULL,'合生通elasticsearch预生产环境','4','1','000');
insert  into `t_db_source`(`id`,`ip`,`port`,`service`,`status`,`creation_date`,`creator`,`last_update_date`,`updator`,`user`,`password`,`db_type`,`db_source_type`,`db_desc`,`db_env`,`inst_type`,`market_id`) values (28,'172.17.194.51','6379','','1','2019-11-06','DBA','2019-11-06','DBA','','0143DB63EE66B0CDFF9F69917680151E','5',NULL,'合生通redis预发布环境_one','4','1','000');
insert  into `t_db_source`(`id`,`ip`,`port`,`service`,`status`,`creation_date`,`creator`,`last_update_date`,`updator`,`user`,`password`,`db_type`,`db_source_type`,`db_desc`,`db_env`,`inst_type`,`market_id`) values (29,'172.17.194.51','6380','','1','2019-11-06','DBA','2019-11-06','DBA','','0143DB63EE66B0CDFF9F69917680151E','5',NULL,'合生通redis预发布环境_mall','4','1','000');
insert  into `t_db_source`(`id`,`ip`,`port`,`service`,`status`,`creation_date`,`creator`,`last_update_date`,`updator`,`user`,`password`,`db_type`,`db_source_type`,`db_desc`,`db_env`,`inst_type`,`market_id`) values (30,'172.17.194.36','9200','','1','2019-11-06','DBA','2019-11-18','DBA','','0143DB63EE66B0CDFF9F69917680151E','4',NULL,'合生通elasticsearch生产环境','1','1','000');
insert  into `t_db_source`(`id`,`ip`,`port`,`service`,`status`,`creation_date`,`creator`,`last_update_date`,`updator`,`user`,`password`,`db_type`,`db_source_type`,`db_desc`,`db_env`,`inst_type`,`market_id`) values (31,'r-2ze9f53dad8419b4.redis.rds.aliyuncs.com','6379','','1','2019-11-06','DBA','2019-11-06','DBA','','F1DA6C2B25549ADFC77C2D77534C6EFE','5',NULL,'合生通redis生产环境-one','1','2','000');
insert  into `t_db_source`(`id`,`ip`,`port`,`service`,`status`,`creation_date`,`creator`,`last_update_date`,`updator`,`user`,`password`,`db_type`,`db_source_type`,`db_desc`,`db_env`,`inst_type`,`market_id`) values (32,'r-2zef0777e2fac884.redis.rds.aliyuncs.com','6379','','1','2019-11-06','DBA','2019-11-06','DBA','','F1DA6C2B25549ADFC77C2D77534C6EFE','5',NULL,'合生通redis生产环境-mall','1','2','000');
insert  into `t_db_source`(`id`,`ip`,`port`,`service`,`status`,`creation_date`,`creator`,`last_update_date`,`updator`,`user`,`password`,`db_type`,`db_source_type`,`db_desc`,`db_env`,`inst_type`,`market_id`) values (33,'10.28.10.36','1433','js168','1','2019-11-07','DBA','2019-11-07','DBA','sa','41F082A16773311D4FC4BD3AF9735000','2',NULL,'成都珠江广场mssql车流库','1','1','108');
insert  into `t_db_source`(`id`,`ip`,`port`,`service`,`status`,`creation_date`,`creator`,`last_update_date`,`updator`,`user`,`password`,`db_type`,`db_source_type`,`db_desc`,`db_env`,`inst_type`,`market_id`) values (34,'10.28.8.233','3306','','1','2019-11-07','DBA','2019-11-07','DBA','sync','26F21C959E9BAEBA94A9CAA92999953D','0',NULL,'成都珠江广场mysql项目库','1','1','108');
insert  into `t_db_source`(`id`,`ip`,`port`,`service`,`status`,`creation_date`,`creator`,`last_update_date`,`updator`,`user`,`password`,`db_type`,`db_source_type`,`db_desc`,`db_env`,`inst_type`,`market_id`) values (35,'10.28.8.227\\IPVA','1433','IPVA_S0400_B1','1','2019-11-07','DBA','2019-11-07','DBA','bi','4AF35F64DBDA0A1296AFDD53261E69F5','0',NULL,'成都珠江广场mssql客流库','1','1','108');
insert  into `t_db_source`(`id`,`ip`,`port`,`service`,`status`,`creation_date`,`creator`,`last_update_date`,`updator`,`user`,`password`,`db_type`,`db_source_type`,`db_desc`,`db_env`,`inst_type`,`market_id`) values (36,'10.2.39.18','3306','','1','2019-11-07','DBA','2019-12-21','DBA','puppet','7D86F7A83E38AD4DFB15C0AFEFF7D310','0',NULL,'合生通mysql数据库运维平台','3','1','000');
insert  into `t_db_source`(`id`,`ip`,`port`,`service`,`status`,`creation_date`,`creator`,`last_update_date`,`updator`,`user`,`password`,`db_type`,`db_source_type`,`db_desc`,`db_env`,`inst_type`,`market_id`) values (37,'10.25.128.30\\IPVA','1433','IPVA_S0400_B1','1','2019-11-16','DBA','2019-11-16','DBA','sa','1AA0E7325A8A38F73314ADAF7E903116','2',NULL,'广州嘉和南mssql客流库','1','1','132');
insert  into `t_db_source`(`id`,`ip`,`port`,`service`,`status`,`creation_date`,`creator`,`last_update_date`,`updator`,`user`,`password`,`db_type`,`db_source_type`,`db_desc`,`db_env`,`inst_type`,`market_id`) values (38,'192.168.10.200\\JSST','1433','jsst','1','2019-11-16','DBA','2019-11-16','DBA','bi','4AF35F64DBDA0A1296AFDD53261E69F5','2',NULL,'广州嘉和南mssql车流库','1','1','132');
insert  into `t_db_source`(`id`,`ip`,`port`,`service`,`status`,`creation_date`,`creator`,`last_update_date`,`updator`,`user`,`password`,`db_type`,`db_source_type`,`db_desc`,`db_env`,`inst_type`,`market_id`) values (39,'10.25.128.84','3306','','1','2019-11-16','DBA','2019-11-16','DBA','sync','26F21C959E9BAEBA94A9CAA92999953D','0',NULL,'广州嘉和南mysql项目库','1','1','132');
insert  into `t_db_source`(`id`,`ip`,`port`,`service`,`status`,`creation_date`,`creator`,`last_update_date`,`updator`,`user`,`password`,`db_type`,`db_source_type`,`db_desc`,`db_env`,`inst_type`,`market_id`) values (40,'10.25.128.83','2222','jscc','1','2019-11-16','DBA','2019-11-16','DBA','bi','DFD0C12233B8930413BE46F00F20B807','2',NULL,'广州嘉和北mssql车流库','1','1','170');
insert  into `t_db_source`(`id`,`ip`,`port`,`service`,`status`,`creation_date`,`creator`,`last_update_date`,`updator`,`user`,`password`,`db_type`,`db_source_type`,`db_desc`,`db_env`,`inst_type`,`market_id`) values (41,'10.25.128.84','3306','','1','2019-11-16','DBA','2019-11-16','DBA','sync','26F21C959E9BAEBA94A9CAA92999953D','0',NULL,'广州嘉和北mysql项目库','1','1','170');
insert  into `t_db_source`(`id`,`ip`,`port`,`service`,`status`,`creation_date`,`creator`,`last_update_date`,`updator`,`user`,`password`,`db_type`,`db_source_type`,`db_desc`,`db_env`,`inst_type`,`market_id`) values (42,'10.5.3.147','1433','tingcheeasydb','1','2019-11-16','DBA','2019-11-16','DBA','bi','4AF35F64DBDA0A1296AFDD53261E69F5','2',NULL,'上海青浦米格mssql车流库','1','1','234');
insert  into `t_db_source`(`id`,`ip`,`port`,`service`,`status`,`creation_date`,`creator`,`last_update_date`,`updator`,`user`,`password`,`db_type`,`db_source_type`,`db_desc`,`db_env`,`inst_type`,`market_id`) values (43,'10.5.3.132','1433','IPVA_S0400_B1','1','2019-11-16','DBA','2019-11-16','DBA','sa','1AA0E7325A8A38F73314ADAF7E903116','2',NULL,'上海青浦米格mssql客流库','1','1','234');
insert  into `t_db_source`(`id`,`ip`,`port`,`service`,`status`,`creation_date`,`creator`,`last_update_date`,`updator`,`user`,`password`,`db_type`,`db_source_type`,`db_desc`,`db_env`,`inst_type`,`market_id`) values (44,'192.168.10.234','3306','','1','2019-11-16','DBA','2019-11-16','DBA','sync','26F21C959E9BAEBA94A9CAA92999953D','0',NULL,'合生新天地mysql项目库','1','1','213');
insert  into `t_db_source`(`id`,`ip`,`port`,`service`,`status`,`creation_date`,`creator`,`last_update_date`,`updator`,`user`,`password`,`db_type`,`db_source_type`,`db_desc`,`db_env`,`inst_type`,`market_id`) values (45,'192.168.10.237','64057','JSOCTNet','1','2019-11-16','DBA','2019-11-16','DBA','sa','D747680A102EF604E6C05539BD9192FE','2',NULL,'合生新天地mssql车流库','1','1','213');
insert  into `t_db_source`(`id`,`ip`,`port`,`service`,`status`,`creation_date`,`creator`,`last_update_date`,`updator`,`user`,`password`,`db_type`,`db_source_type`,`db_desc`,`db_env`,`inst_type`,`market_id`) values (46,'192.168.10.253','1433','IPVA_S0400_B1','1','2019-11-16','DBA','2019-11-16','DBA','sa','1AA0E7325A8A38F73314ADAF7E903116','2',NULL,'合生新天地mssql客流库','1','1','213');
insert  into `t_db_source`(`id`,`ip`,`port`,`service`,`status`,`creation_date`,`creator`,`last_update_date`,`updator`,`user`,`password`,`db_type`,`db_source_type`,`db_desc`,`db_env`,`inst_type`,`market_id`) values (47,'172.17.194.37','27016','','1','2019-11-18','DBA','2019-11-18','DBA','','0143DB63EE66B0CDFF9F69917680151E','6',NULL,'合生通mongodb生产环境[prod]','1','1','000');
insert  into `t_db_source`(`id`,`ip`,`port`,`service`,`status`,`creation_date`,`creator`,`last_update_date`,`updator`,`user`,`password`,`db_type`,`db_source_type`,`db_desc`,`db_env`,`inst_type`,`market_id`) values (49,'47.94.197.105','3306','','1','2019-11-18','DBA','2019-11-18','DBA','sync','26F21C959E9BAEBA94A9CAA92999953D','0',NULL,'合生通阿里云mysql中转库-外网','1','1','999');
insert  into `t_db_source`(`id`,`ip`,`port`,`service`,`status`,`creation_date`,`creator`,`last_update_date`,`updator`,`user`,`password`,`db_type`,`db_source_type`,`db_desc`,`db_env`,`inst_type`,`market_id`) values (50,'192.168.1.100','2222','tcc','1','2019-11-18','DBA','2019-11-18','DBA','sa','6667272807DFC1DEF6602FCE730CBD59','0',NULL,'北京合生财富广场mssql车流库','1','1','141');
insert  into `t_db_source`(`id`,`ip`,`port`,`service`,`status`,`creation_date`,`creator`,`last_update_date`,`updator`,`user`,`password`,`db_type`,`db_source_type`,`db_desc`,`db_env`,`inst_type`,`market_id`) values (52,'192.168.0.205','3306','','1','2019-11-18','DBA','2019-11-18','DBA','sync','26F21C959E9BAEBA94A9CAA92999953D','0',NULL,'北京合生财富广场mysql项目库','1','1','141');
insert  into `t_db_source`(`id`,`ip`,`port`,`service`,`status`,`creation_date`,`creator`,`last_update_date`,`updator`,`user`,`password`,`db_type`,`db_source_type`,`db_desc`,`db_env`,`inst_type`,`market_id`) values (53,'172.17.41.175','3306','','1','2019-11-18','DBA','2019-11-18','DBA','sync','26F21C959E9BAEBA94A9CAA92999953D','0',NULL,'合生通阿里云mysql中转库-内网','1','1','999');
insert  into `t_db_source`(`id`,`ip`,`port`,`service`,`status`,`creation_date`,`creator`,`last_update_date`,`updator`,`user`,`password`,`db_type`,`db_source_type`,`db_desc`,`db_env`,`inst_type`,`market_id`) values (54,'rm-2zer0v9g25bgu4rx4.mysql.rds.aliyuncs.com','3306','','1','2019-11-18','DBA','2019-11-18','DBA','hopsononebi_2019','11915F1409E783704226E558C415DCE420061FEDCA75DAA283608D8491B636EF','0',NULL,'合生通mysql生产环境-[bi]-[内网]','1','2','000');
insert  into `t_db_source`(`id`,`ip`,`port`,`service`,`status`,`creation_date`,`creator`,`last_update_date`,`updator`,`user`,`password`,`db_type`,`db_source_type`,`db_desc`,`db_env`,`inst_type`,`market_id`) values (55,'rm-2ze9y75wip0929gy8.mysql.rds.aliyuncs.com','3306','','1','2019-11-18','DBA','2019-11-18','DBA','apptong','C421557C5CC568DA201FE8666F61A1349CC55001CED6A8D98B8917C810C93CE1BE0DCD7D47B179FCCD1C2975470A361B','0',NULL,'合生通mysql生产环境-[biz]-[内网]','1','2','000');
insert  into `t_db_source`(`id`,`ip`,`port`,`service`,`status`,`creation_date`,`creator`,`last_update_date`,`updator`,`user`,`password`,`db_type`,`db_source_type`,`db_desc`,`db_env`,`inst_type`,`market_id`) values (56,'10.19.42.205','3306','','1','2019-11-18','DBA','2019-11-18','DBA','sync','26F21C959E9BAEBA94A9CAA92999953D','0',NULL,'广州珠江投资大厦mysql项目库','1','1','145');
insert  into `t_db_source`(`id`,`ip`,`port`,`service`,`status`,`creation_date`,`creator`,`last_update_date`,`updator`,`user`,`password`,`db_type`,`db_source_type`,`db_desc`,`db_env`,`inst_type`,`market_id`) values (57,'10.19.42.181','1433','jscc','1','2019-11-18','DBA','2019-11-18','DBA','bi','DFD0C12233B8930413BE46F00F20B807','2',NULL,'广州珠江投资大厦mssql车流库','1','1','145');
insert  into `t_db_source`(`id`,`ip`,`port`,`service`,`status`,`creation_date`,`creator`,`last_update_date`,`updator`,`user`,`password`,`db_type`,`db_source_type`,`db_desc`,`db_env`,`inst_type`,`market_id`) values (58,'10.19.72.205','3306','','1','2019-11-18','DBA','2019-11-18','DBA','sync','26F21C959E9BAEBA94A9CAA92999953D','0',NULL,'广州合生骏景广场mysql项目库','1','1','150');
insert  into `t_db_source`(`id`,`ip`,`port`,`service`,`status`,`creation_date`,`creator`,`last_update_date`,`updator`,`user`,`password`,`db_type`,`db_source_type`,`db_desc`,`db_env`,`inst_type`,`market_id`) values (59,'10.19.72.181','2222','jsst','1','2019-11-18','DBA','2019-11-18','DBA','hopsonone','DF0B64157D477DEA52377DDF1B7D7FCD','2',NULL,'广州合生骏景广场mssql车流库','1','1','150');
insert  into `t_db_source`(`id`,`ip`,`port`,`service`,`status`,`creation_date`,`creator`,`last_update_date`,`updator`,`user`,`password`,`db_type`,`db_source_type`,`db_desc`,`db_env`,`inst_type`,`market_id`) values (60,'10.13.25.205','3306','','1','2019-11-18','DBA','2019-11-18','DBA','sync','26F21C959E9BAEBA94A9CAA92999953D','0',NULL,'广州越华珠江广场mysql项目库','1','1','188');
insert  into `t_db_source`(`id`,`ip`,`port`,`service`,`status`,`creation_date`,`creator`,`last_update_date`,`updator`,`user`,`password`,`db_type`,`db_source_type`,`db_desc`,`db_env`,`inst_type`,`market_id`) values (61,'10.13.25.182','2222','jscc','1','2019-11-18','DBA','2019-11-18','DBA','sa','1AC97B537139B9B4000AF3EE8C581B5E','0',NULL,'广州越华珠江广场mssql车流库','1','1','188');
insert  into `t_db_source`(`id`,`ip`,`port`,`service`,`status`,`creation_date`,`creator`,`last_update_date`,`updator`,`user`,`password`,`db_type`,`db_source_type`,`db_desc`,`db_env`,`inst_type`,`market_id`) values (62,'10.19.53.205','3306','','1','2019-11-18','DBA','2019-11-18','DBA','sync','26F21C959E9BAEBA94A9CAA92999953D','0',NULL,'广州南方花园mysql项目库','1','1','194');
insert  into `t_db_source`(`id`,`ip`,`port`,`service`,`status`,`creation_date`,`creator`,`last_update_date`,`updator`,`user`,`password`,`db_type`,`db_source_type`,`db_desc`,`db_env`,`inst_type`,`market_id`) values (63,'192.168.1.2','2222','jscc','1','2019-11-18','DBA','2019-11-18','DBA','bi','DFD0C12233B8930413BE46F00F20B807','2',NULL,'广州南方花园mssql车流库','1','1','194');
insert  into `t_db_source`(`id`,`ip`,`port`,`service`,`status`,`creation_date`,`creator`,`last_update_date`,`updator`,`user`,`password`,`db_type`,`db_source_type`,`db_desc`,`db_env`,`inst_type`,`market_id`) values (64,'192.168.1.160\\jsst','2222','jsst','1','2019-11-18','DBA','2019-11-18','DBA','sa','D747680A102EF604E6C05539BD9192FE','2',NULL,'广州珠江国际纺织城mssql车流库','1','1','20229');
insert  into `t_db_source`(`id`,`ip`,`port`,`service`,`status`,`creation_date`,`creator`,`last_update_date`,`updator`,`user`,`password`,`db_type`,`db_source_type`,`db_desc`,`db_env`,`inst_type`,`market_id`) values (65,'172.16.6.14','3306','','1','2019-11-18','DBA','2019-11-18','DBA','sync','26F21C959E9BAEBA94A9CAA92999953D','0',NULL,'广州珠江国际纺织城mysql项目库','1','1','20229');
insert  into `t_db_source`(`id`,`ip`,`port`,`service`,`status`,`creation_date`,`creator`,`last_update_date`,`updator`,`user`,`password`,`db_type`,`db_source_type`,`db_desc`,`db_env`,`inst_type`,`market_id`) values (66,'rm-8vb6d6ikr2edw83y4.mysql.zhangbei.rds.aliyuncs.com','3306','','1','2019-11-22','DBA','2019-11-22','DBA','easylife','ABB913AB8AAC48E0111FAE6EBDAFB4FE','0',NULL,'好房mysql生产环境-[biz]','1','2','001');
insert  into `t_db_source`(`id`,`ip`,`port`,`service`,`status`,`creation_date`,`creator`,`last_update_date`,`updator`,`user`,`password`,`db_type`,`db_source_type`,`db_desc`,`db_env`,`inst_type`,`market_id`) values (67,'10.16.33.10','3306','','1','2019-11-22','DBA','2019-11-22','DBA','sync','26F21C959E9BAEBA94A9CAA92999953D','0',NULL,'北京合生广场mysql项目库','1','1','164');
insert  into `t_db_source`(`id`,`ip`,`port`,`service`,`status`,`creation_date`,`creator`,`last_update_date`,`updator`,`user`,`password`,`db_type`,`db_source_type`,`db_desc`,`db_env`,`inst_type`,`market_id`) values (68,'10.16.33.5\\ipva','1433','IPVA_S0400_B1','1','2019-11-22','DBA','2019-11-22','DBA','bi','4AF35F64DBDA0A1296AFDD53261E69F5','2',NULL,'北京合生广场mssql客流库','1','1','164');
insert  into `t_db_source`(`id`,`ip`,`port`,`service`,`status`,`creation_date`,`creator`,`last_update_date`,`updator`,`user`,`password`,`db_type`,`db_source_type`,`db_desc`,`db_env`,`inst_type`,`market_id`) values (69,'rr-2zekl959654j1k49r.mysql.rds.aliyuncs.com','3306','','1','2019-11-25','DBA','2019-11-25','DBA','apptong','C421557C5CC568DA201FE8666F61A1349CC55001CED6A8D98B8917C810C93CE1BE0DCD7D47B179FCCD1C2975470A361B','0',NULL,'合生通mysql生产环境-[biz]-[slave]','1','2','000');
insert  into `t_db_source`(`id`,`ip`,`port`,`service`,`status`,`creation_date`,`creator`,`last_update_date`,`updator`,`user`,`password`,`db_type`,`db_source_type`,`db_desc`,`db_env`,`inst_type`,`market_id`) values (70,'rm-8vb46az2op6ck3345po.mysql.zhangbei.rds.aliyuncs.com','3306','','1','2019-11-25','DBA','2019-11-25','DBA','puppet','7D86F7A83E38AD4DFB15C0AFEFF7D310','0',NULL,'好房mysql生产环境-[bi]','1','2','001');
insert  into `t_db_source`(`id`,`ip`,`port`,`service`,`status`,`creation_date`,`creator`,`last_update_date`,`updator`,`user`,`password`,`db_type`,`db_source_type`,`db_desc`,`db_env`,`inst_type`,`market_id`) values (71,'rm-8vbzp37qv03a83bj2.mysql.zhangbei.rds.aliyuncs.com','3306','','1','2019-11-25','DBA','2019-11-25','DBA','easylife','ABB913AB8AAC48E0111FAE6EBDAFB4FE','0',NULL,'好房mysql灰度环境','1','2','001');
insert  into `t_db_source`(`id`,`ip`,`port`,`service`,`status`,`creation_date`,`creator`,`last_update_date`,`updator`,`user`,`password`,`db_type`,`db_source_type`,`db_desc`,`db_env`,`inst_type`,`market_id`) values (72,'172.26.0.75','27017','easylife','1','2019-11-25','DBA','2019-11-25','DBA','','0143DB63EE66B0CDFF9F69917680151E','6',NULL,'好房mongodb生产环境[prod]','1','1','001');
insert  into `t_db_source`(`id`,`ip`,`port`,`service`,`status`,`creation_date`,`creator`,`last_update_date`,`updator`,`user`,`password`,`db_type`,`db_source_type`,`db_desc`,`db_env`,`inst_type`,`market_id`) values (73,'172.26.0.74','6379','','1','2019-11-25','DBA','2019-11-25','DBA','','','5',NULL,'好房redis生产环境[prod]','1','1','001');
insert  into `t_db_source`(`id`,`ip`,`port`,`service`,`status`,`creation_date`,`creator`,`last_update_date`,`updator`,`user`,`password`,`db_type`,`db_source_type`,`db_desc`,`db_env`,`inst_type`,`market_id`) values (74,'172.26.0.74','9200','','1','2019-11-25','DBA','2019-11-25','DBA','','','4',NULL,'好房elasticsearch生产环境','1','1','001');
insert  into `t_db_source`(`id`,`ip`,`port`,`service`,`status`,`creation_date`,`creator`,`last_update_date`,`updator`,`user`,`password`,`db_type`,`db_source_type`,`db_desc`,`db_env`,`inst_type`,`market_id`) values (75,'10.2.39.225','3306','','1','2019-11-26','DBA','2019-11-26','DBA','puppet','7D86F7A83E38AD4DFB15C0AFEFF7D310','0',NULL,'合生通zabbix生产环境[内网]','1','1','000');
insert  into `t_db_source`(`id`,`ip`,`port`,`service`,`status`,`creation_date`,`creator`,`last_update_date`,`updator`,`user`,`password`,`db_type`,`db_source_type`,`db_desc`,`db_env`,`inst_type`,`market_id`) values (76,'10.43.128.185','3306','','1','2019-11-27','DBA','2019-11-27','DBA','sync','26F21C959E9BAEBA94A9CAA92999953D','0',NULL,'西安时代广场mysql项目库','1','1','10230');
insert  into `t_db_source`(`id`,`ip`,`port`,`service`,`status`,`creation_date`,`creator`,`last_update_date`,`updator`,`user`,`password`,`db_type`,`db_source_type`,`db_desc`,`db_env`,`inst_type`,`market_id`) values (77,'192.168.1.200','1433','jsst','1','2019-11-27','DBA','2019-11-27','DBA','sa','6667272807DFC1DEF6602FCE730CBD59','2',NULL,'西安时代广场mssql车流库','1','1','10230');
insert  into `t_db_source`(`id`,`ip`,`port`,`service`,`status`,`creation_date`,`creator`,`last_update_date`,`updator`,`user`,`password`,`db_type`,`db_source_type`,`db_desc`,`db_env`,`inst_type`,`market_id`) values (78,'10.2.39.40','3306','','1','2019-12-16','DBA','2019-12-16','DBA','hopsonone','DF0B64157D477DEA52377DDF1B7D7FCD','0',NULL,'合生通mysql开发环境[sync]','3','1','000');
insert  into `t_db_source`(`id`,`ip`,`port`,`service`,`status`,`creation_date`,`creator`,`last_update_date`,`updator`,`user`,`password`,`db_type`,`db_source_type`,`db_desc`,`db_env`,`inst_type`,`market_id`) values (79,'10.2.39.80','3306','','1','2019-12-16','DBA','2019-12-17','DBA','sync','26F21C959E9BAEBA94A9CAA92999953D','0',NULL,'合生通mysql测试环境[sync]','2','1','000');
insert  into `t_db_source`(`id`,`ip`,`port`,`service`,`status`,`creation_date`,`creator`,`last_update_date`,`updator`,`user`,`password`,`db_type`,`db_source_type`,`db_desc`,`db_env`,`inst_type`,`market_id`) values (80,'rm-8vb46az2op6ck3345po.mysql.zhangbei.rds.aliyuncs.com','3306','','1','2019-12-16','DBA','2019-12-16','DBA','easylifebi_2019','6E7E839034BEB94A13083FD889DA303F14B64A6DB0F10BAD04B1BC9B07D3A1D5590DB18529D0CA9FF5530BC4B0A16E07','0',NULL,'好房mysql生产环境-[bi]','1','2','001');
insert  into `t_db_source`(`id`,`ip`,`port`,`service`,`status`,`creation_date`,`creator`,`last_update_date`,`updator`,`user`,`password`,`db_type`,`db_source_type`,`db_desc`,`db_env`,`inst_type`,`market_id`) values (81,'10.2.39.97','3306','','1','2019-12-16','DBA','2019-12-18','DBA','sync','26F21C959E9BAEBA94A9CAA92999953D','0',NULL,'好房mysql开发环境-[dev]-[sync]','3','1','001');
insert  into `t_db_source`(`id`,`ip`,`port`,`service`,`status`,`creation_date`,`creator`,`last_update_date`,`updator`,`user`,`password`,`db_type`,`db_source_type`,`db_desc`,`db_env`,`inst_type`,`market_id`) values (82,'10.2.39.97','3306','','1','2019-12-18','DBA','2019-12-18','DBA','puppet','7D86F7A83E38AD4DFB15C0AFEFF7D310','0',NULL,'好房mysql开发环境-[dev]-[backup]','3','1','001');
insert  into `t_db_source`(`id`,`ip`,`port`,`service`,`status`,`creation_date`,`creator`,`last_update_date`,`updator`,`user`,`password`,`db_type`,`db_source_type`,`db_desc`,`db_env`,`inst_type`,`market_id`) values (83,'10.2.39.129','3306','','1','2019-12-18','DBA','2019-12-18','DBA','puppet','7D86F7A83E38AD4DFB15C0AFEFF7D310','0',NULL,'好房mysql测试环境-[uat]-[backup]','2','1','001');
insert  into `t_db_source`(`id`,`ip`,`port`,`service`,`status`,`creation_date`,`creator`,`last_update_date`,`updator`,`user`,`password`,`db_type`,`db_source_type`,`db_desc`,`db_env`,`inst_type`,`market_id`) values (84,'rr-2ze8nqixl9wq6ei04.mysql.rds.aliyuncs.com','3306','','1','2019-12-19','DBA','2019-12-19','DBA','puppet','7D86F7A83E38AD4DFB15C0AFEFF7D310','0',NULL,'合生通mysql会付通-生产环境-[biz]','1','2','000');
insert  into `t_db_source`(`id`,`ip`,`port`,`service`,`status`,`creation_date`,`creator`,`last_update_date`,`updator`,`user`,`password`,`db_type`,`db_source_type`,`db_desc`,`db_env`,`inst_type`,`market_id`) values (85,'172.17.194.53','3306','','1','2019-12-24','DBA','2019-12-24','DBA','root','1A8D6D1025C46B967C7251582E6CC9B2','0',NULL,'合生通mysql预生产环境-[内网]','4','1','000');

/*Data for the table `t_db_sync_config` */

insert  into `t_db_sync_config`(`id`,`sync_ywlx`,`comments`,`sync_type`,`sync_tag`,`sour_db_id`,`desc_db_id`,`server_id`,`run_time`,`sync_schema`,`sync_table`,`batch_size`,`batch_size_incr`,`sync_gap`,`sync_col_val`,`sync_col_name`,`sync_time_type`,`script_path`,`script_file`,`python3_home`,`api_server`,`status`) values (104,'1','北京朝合离线客流[mssql->mysql->proj]','1','sync_mssql_mysql_flow_218_proj',14,20,18,'*/5 * * * *','hopsonone_flow_bj','dbo.Summary_Day:ModifyTime:3',1000,500,10,'218','market_id','day','/home/hopson/apps/usr/webserver/dba/syncer','mssql2mysql_sync.py','/home/hopson/apps/usr/webserver/python3.6.0','10.2.39.18','1');
insert  into `t_db_sync_config`(`id`,`sync_ywlx`,`comments`,`sync_type`,`sync_tag`,`sour_db_id`,`desc_db_id`,`server_id`,`run_time`,`sync_schema`,`sync_table`,`batch_size`,`batch_size_incr`,`sync_gap`,`sync_col_val`,`sync_col_name`,`sync_time_type`,`script_path`,`script_file`,`python3_home`,`api_server`,`status`) values (115,'1','北京朝合离线客流[mysql->mysql->bi]','2','sync_mysql_mysql_flow_218_Bi',20,19,18,'*/5 * * * *','hopsonone_flow_bj','dbo_summary_day:modifytime:3',1000,500,10,'218','market_id','day','/home/hopson/apps/usr/webserver/dba/syncer','mysql2mysql_sync.py','/home/hopson/apps/usr/webserver/python3.6.0','10.2.39.18','1');
insert  into `t_db_sync_config`(`id`,`sync_ywlx`,`comments`,`sync_type`,`sync_tag`,`sour_db_id`,`desc_db_id`,`server_id`,`run_time`,`sync_schema`,`sync_table`,`batch_size`,`batch_size_incr`,`sync_gap`,`sync_col_val`,`sync_col_name`,`sync_time_type`,`script_path`,`script_file`,`python3_home`,`api_server`,`status`) values (116,'1','北京朝合离线客流[mysql->mysql->biz]','2','sync_mysql_mysql_flow_218_biz',20,16,18,'*/5 * * * *','hopsonone_flow_bj','dbo_summary_day:modifytime:3',1000,500,10,'218','market_id','day','/home/hopson/apps/usr/webserver/dba/syncer','mysql2mysql_sync.py','/home/hopson/apps/usr/webserver/python3.6.0','10.2.39.18','1');
insert  into `t_db_sync_config`(`id`,`sync_ywlx`,`comments`,`sync_type`,`sync_tag`,`sour_db_id`,`desc_db_id`,`server_id`,`run_time`,`sync_schema`,`sync_table`,`batch_size`,`batch_size_incr`,`sync_gap`,`sync_col_val`,`sync_col_name`,`sync_time_type`,`script_path`,`script_file`,`python3_home`,`api_server`,`status`) values (117,'3','北京朝合离线车流[mssql->mysql->bi]','1','sync_mssql_mysql_park_218_Bi',18,19,18,'*/15 * * * *','hopsonone_park_bj_tjd','dbo.Park_CarOutRun:passdate:1,dbo.Park_CarLog:datein:1,dbo.Park_CarOutLog:dateout:1,dbo.Oper_DataLog:createdate:1,dbo.Park_PayLog:paydate:1,dbo.Park_PayOutLog:paydate:1,dbo.Park_SpeciCarLog:createdate:1,dbo.park_specicarconfig:lastoperadate:1,dbo.fee_log:syncdate:1,dbo.hardware_control:lastoperadate:1',1000,500,10,'218','market_id','day','/home/hopson/apps/usr/webserver/dba/syncer','mssql2mysql_sync.py','/home/hopson/apps/usr/webserver/python3.6.0','10.2.39.18','1');
insert  into `t_db_sync_config`(`id`,`sync_ywlx`,`comments`,`sync_type`,`sync_tag`,`sour_db_id`,`desc_db_id`,`server_id`,`run_time`,`sync_schema`,`sync_table`,`batch_size`,`batch_size_incr`,`sync_gap`,`sync_col_val`,`sync_col_name`,`sync_time_type`,`script_path`,`script_file`,`python3_home`,`api_server`,`status`) values (118,'4','北京朝合实时车流[mssql->mysql->bi]','1','sync_mssql_mysql_park_real_218_Bi',18,19,18,'*/3 * * * *','hopsonone_park_bj_tjd_real_time','dbo.Park_CarOutRun:passdate:1,dbo.Park_CarLog:datein:1,dbo.Park_CarOutLog:dateout:1,dbo.Oper_DataLog:createdate:1,dbo.Park_PayLog:paydate:1,dbo.Park_PayOutLog:paydate:1,dbo.Park_SpeciCarLog:createdate:1,dbo.park_specicarconfig:lastoperadate:1,dbo.fee_log:syncdate:1,dbo.hardware_control:lastoperadate:1',1000,500,10,'218','market_id','hour','/home/hopson/apps/usr/webserver/dba/syncer','mssql2mysql_sync.py','/home/hopson/apps/usr/webserver/python3.6.0','10.2.39.18','1');
insert  into `t_db_sync_config`(`id`,`sync_ywlx`,`comments`,`sync_type`,`sync_tag`,`sour_db_id`,`desc_db_id`,`server_id`,`run_time`,`sync_schema`,`sync_table`,`batch_size`,`batch_size_incr`,`sync_gap`,`sync_col_val`,`sync_col_name`,`sync_time_type`,`script_path`,`script_file`,`python3_home`,`api_server`,`status`) values (119,'2','北京朝合实时客流[mssql->mysql->proj]','1','sync_mssql_mysql_flow_real_218_proj',14,20,18,'*/3 * * * *','hopsonone_flow_bj_real_time','dbo.Summary_Thirty:ModifyTime:1',1000,500,10,'218','market_id','hour','/home/hopson/apps/usr/webserver/dba/syncer','mssql2mysql_sync.py','/home/hopson/apps/usr/webserver/python3.6.0','10.2.39.18','1');
insert  into `t_db_sync_config`(`id`,`sync_ywlx`,`comments`,`sync_type`,`sync_tag`,`sour_db_id`,`desc_db_id`,`server_id`,`run_time`,`sync_schema`,`sync_table`,`batch_size`,`batch_size_incr`,`sync_gap`,`sync_col_val`,`sync_col_name`,`sync_time_type`,`script_path`,`script_file`,`python3_home`,`api_server`,`status`) values (120,'2','北京朝合实时客流[mysql->mysql->bi]','2','sync_mysql_mysql_flow_real_218_Bi',20,19,18,'*/3 * * * *','hopsonone_flow_bj_real_time','dbo_summary_thirty:modifytime:1',1000,500,10,'218','market_id','hour','/home/hopson/apps/usr/webserver/dba/syncer','mysql2mysql_sync.py','/home/hopson/apps/usr/webserver/python3.6.0','10.2.39.18','1');
insert  into `t_db_sync_config`(`id`,`sync_ywlx`,`comments`,`sync_type`,`sync_tag`,`sour_db_id`,`desc_db_id`,`server_id`,`run_time`,`sync_schema`,`sync_table`,`batch_size`,`batch_size_incr`,`sync_gap`,`sync_col_val`,`sync_col_name`,`sync_time_type`,`script_path`,`script_file`,`python3_home`,`api_server`,`status`) values (121,'6','北京朝合反向车流[mssql->mysql->biz]','1','sync_mssql_mysql_park_car_218_biz',21,16,18,'*/5 * * * *','hopsonone_park_bj_real_time','dbo.pg_record_carinout:intime:30',1000,500,10,'218','market_id','min','/home/hopson/apps/usr/webserver/dba/syncer','mssql2mysql_sync_car.py','/home/hopson/apps/usr/webserver/python3.6.0','10.2.39.18','1');
insert  into `t_db_sync_config`(`id`,`sync_ywlx`,`comments`,`sync_type`,`sync_tag`,`sour_db_id`,`desc_db_id`,`server_id`,`run_time`,`sync_schema`,`sync_table`,`batch_size`,`batch_size_incr`,`sync_gap`,`sync_col_val`,`sync_col_name`,`sync_time_type`,`script_path`,`script_file`,`python3_home`,`api_server`,`status`) values (122,'5','北京朝合客流设备[mssql->mysql->biz]','1','sync_mssql_mysql_flow_device_218_biz',14,16,18,'*/3 * * * *','hopsonone_ipva_flow_bj','dbo.Traffic_Sites::,dbo.System_Devices::,dbo.System_Channels::,dbo.Traffic_Cameras::,dbo.Traffic_CamerasInSites::',1000,500,10,'218','market_id','day','/home/hopson/apps/usr/webserver/dba/syncer','mssql2mysql_sync.py','/home/hopson/apps/usr/webserver/python3.6.0','10.2.39.18','1');
insert  into `t_db_sync_config`(`id`,`sync_ywlx`,`comments`,`sync_type`,`sync_tag`,`sour_db_id`,`desc_db_id`,`server_id`,`run_time`,`sync_schema`,`sync_table`,`batch_size`,`batch_size_incr`,`sync_gap`,`sync_col_val`,`sync_col_name`,`sync_time_type`,`script_path`,`script_file`,`python3_home`,`api_server`,`status`) values (123,'5','北京朝合客流设备[mssql->mysql->bi]','1','sync_mssql_mysql_flow_device_218_Bi',14,19,18,'*/3 * * * *','hopsonone_flow_bj','dbo.Traffic_Sites::,dbo.System_Devices::,dbo.System_Channels::,dbo.Traffic_Cameras::,dbo.Traffic_CamerasInSites::',1000,500,10,'218','market_id','day','/home/hopson/apps/usr/webserver/dba/syncer','mssql2mysql_sync.py','/home/hopson/apps/usr/webserver/python3.6.0','10.2.39.18','1');
insert  into `t_db_sync_config`(`id`,`sync_ywlx`,`comments`,`sync_type`,`sync_tag`,`sour_db_id`,`desc_db_id`,`server_id`,`run_time`,`sync_schema`,`sync_table`,`batch_size`,`batch_size_incr`,`sync_gap`,`sync_col_val`,`sync_col_name`,`sync_time_type`,`script_path`,`script_file`,`python3_home`,`api_server`,`status`) values (124,'6','北京朝合反向车流[mssql->mysql->bi]','1','sync_mssql_mysql_park_car_218_Bi',21,19,18,'*/5 * * * *','hopsonone_park_bj_real_time','dbo.pg_record_carinout:intime:30,dbo.pg_device::',1000,500,10,'218','market_id','min','/home/hopson/apps/usr/webserver/dba/syncer','mssql2mysql_sync_car.py','/home/hopson/apps/usr/webserver/python3.6.0','10.2.39.18','1');
insert  into `t_db_sync_config`(`id`,`sync_ywlx`,`comments`,`sync_type`,`sync_tag`,`sour_db_id`,`desc_db_id`,`server_id`,`run_time`,`sync_schema`,`sync_table`,`batch_size`,`batch_size_incr`,`sync_gap`,`sync_col_val`,`sync_col_name`,`sync_time_type`,`script_path`,`script_file`,`python3_home`,`api_server`,`status`) values (125,'1','上海五角场离线客流[mssql->mysql->proj]','1','sync_mssql_mysql_flow_110_proj',22,23,19,'*/5 * * * *','hopsonone_flow_sh','dbo.Summary_Day:ModifyTime:3',500,300,10,'110','market_id','day','/home/hopson/apps/usr/webserver/dba/syncer','mssql2mysql_sync.py','/home/hopson/apps/usr/webserver/python3.6.0','10.2.39.18','1');
insert  into `t_db_sync_config`(`id`,`sync_ywlx`,`comments`,`sync_type`,`sync_tag`,`sour_db_id`,`desc_db_id`,`server_id`,`run_time`,`sync_schema`,`sync_table`,`batch_size`,`batch_size_incr`,`sync_gap`,`sync_col_val`,`sync_col_name`,`sync_time_type`,`script_path`,`script_file`,`python3_home`,`api_server`,`status`) values (126,'1','上海五角场离线客流[mysql->mysql->bi]','2','sync_mysql_mysql_flow_110_Bi',23,19,19,'*/5 * * * *','hopsonone_flow_sh','dbo_summary_day:modifytime:3',500,300,10,'110','market_id','day','/home/hopson/apps/usr/webserver/dba/syncer','mysql2mysql_sync.py','/home/hopson/apps/usr/webserver/python3.6.0','10.2.39.18','1');
insert  into `t_db_sync_config`(`id`,`sync_ywlx`,`comments`,`sync_type`,`sync_tag`,`sour_db_id`,`desc_db_id`,`server_id`,`run_time`,`sync_schema`,`sync_table`,`batch_size`,`batch_size_incr`,`sync_gap`,`sync_col_val`,`sync_col_name`,`sync_time_type`,`script_path`,`script_file`,`python3_home`,`api_server`,`status`) values (127,'1','上海五角场离线客流[mysql->mysql->biz]','2','sync_mysql_mysql_flow_110_biz',23,16,19,'*/5 * * * *','hopsonone_flow_sh','dbo_summary_day:modifytime:3',500,300,10,'110','market_id','day','/home/hopson/apps/usr/webserver/dba/syncer','mysql2mysql_sync.py','/home/hopson/apps/usr/webserver/python3.6.0','10.2.39.18','1');
insert  into `t_db_sync_config`(`id`,`sync_ywlx`,`comments`,`sync_type`,`sync_tag`,`sour_db_id`,`desc_db_id`,`server_id`,`run_time`,`sync_schema`,`sync_table`,`batch_size`,`batch_size_incr`,`sync_gap`,`sync_col_val`,`sync_col_name`,`sync_time_type`,`script_path`,`script_file`,`python3_home`,`api_server`,`status`) values (128,'3','上海五角场离线车流[mssql->mysql->proj]','1','sync_mssql_mysql_park_110_proj',24,23,19,'*/15 * * * *','hopsonone_park_sh','tc.record:optdate:1,tc.userwork:optdate:1,dbo.userwork:optdate:3,tc.chargingstandardgeneric1::,tc.chargingstandardgeneric2::,qx.userex::,mc.device::,tc.recordarchive:optdate:1',500,300,10,'110','market_id','day','/home/hopson/apps/usr/webserver/dba/syncer','mssql2mysql_sync.py','/home/hopson/apps/usr/webserver/python3.6.0','10.2.39.18','1');
insert  into `t_db_sync_config`(`id`,`sync_ywlx`,`comments`,`sync_type`,`sync_tag`,`sour_db_id`,`desc_db_id`,`server_id`,`run_time`,`sync_schema`,`sync_table`,`batch_size`,`batch_size_incr`,`sync_gap`,`sync_col_val`,`sync_col_name`,`sync_time_type`,`script_path`,`script_file`,`python3_home`,`api_server`,`status`) values (129,'3','上海五角场离线车流[mysql->mysql->bi]','2','sync_mysql_mysql_park_110_Bi',23,19,19,'*/30 * * * *','hopsonone_park_sh','tc_record:optdate:1,tc_userwork:optdate:1,tc_recordarchive:optdate:1,qx_userex::,dbo_userwork::',1000,500,10,'110','market_id','day','/home/hopson/apps/usr/webserver/dba/syncer','mysql2mysql_sync.py','/home/hopson/apps/usr/webserver/python3.6.0','10.2.39.18','1');
insert  into `t_db_sync_config`(`id`,`sync_ywlx`,`comments`,`sync_type`,`sync_tag`,`sour_db_id`,`desc_db_id`,`server_id`,`run_time`,`sync_schema`,`sync_table`,`batch_size`,`batch_size_incr`,`sync_gap`,`sync_col_val`,`sync_col_name`,`sync_time_type`,`script_path`,`script_file`,`python3_home`,`api_server`,`status`) values (130,'3','上海五角场离线车流[mysql->mysql->biz]','2','sync_mysql_mysql_park_110_biz',23,16,19,'*/15 * * * *','hopsonone_park_sh','tc_chargingstandardgeneric1::,tc_chargingstandardgeneric2::',500,300,10,'110','market_id','day','/home/hopson/apps/usr/webserver/dba/syncer','mysql2mysql_sync.py','/home/hopson/apps/usr/webserver/python3.6.0','10.2.39.18','1');
insert  into `t_db_sync_config`(`id`,`sync_ywlx`,`comments`,`sync_type`,`sync_tag`,`sour_db_id`,`desc_db_id`,`server_id`,`run_time`,`sync_schema`,`sync_table`,`batch_size`,`batch_size_incr`,`sync_gap`,`sync_col_val`,`sync_col_name`,`sync_time_type`,`script_path`,`script_file`,`python3_home`,`api_server`,`status`) values (131,'2','上海五角场实时客流[mssql->mysql->proj]','1','sync_mssql_mysql_flow_real_110_proj',22,23,19,'*/3 * * * *','hopsonone_flow_sh_real_time','dbo.Summary_Thirty:ModifyTime:1',500,300,10,'110','market_id','hour','/home/hopson/apps/usr/webserver/dba/syncer','mssql2mysql_sync.py','/home/hopson/apps/usr/webserver/python3.6.0','10.2.39.18','1');
insert  into `t_db_sync_config`(`id`,`sync_ywlx`,`comments`,`sync_type`,`sync_tag`,`sour_db_id`,`desc_db_id`,`server_id`,`run_time`,`sync_schema`,`sync_table`,`batch_size`,`batch_size_incr`,`sync_gap`,`sync_col_val`,`sync_col_name`,`sync_time_type`,`script_path`,`script_file`,`python3_home`,`api_server`,`status`) values (132,'2','上海五角场实时客流[mysql->mysql_bi]','2','sync_mysql_mysql_flow_real_110_Bi',23,19,19,'*/3 * * * *','hopsonone_flow_sh_real_time','dbo_summary_thirty:modifytime:1',500,300,10,'110','market_id','hour','/home/hopson/apps/usr/webserver/dba/syncer','mysql2mysql_sync.py','/home/hopson/apps/usr/webserver/python3.6.0','10.2.39.18','1');
insert  into `t_db_sync_config`(`id`,`sync_ywlx`,`comments`,`sync_type`,`sync_tag`,`sour_db_id`,`desc_db_id`,`server_id`,`run_time`,`sync_schema`,`sync_table`,`batch_size`,`batch_size_incr`,`sync_gap`,`sync_col_val`,`sync_col_name`,`sync_time_type`,`script_path`,`script_file`,`python3_home`,`api_server`,`status`) values (134,'4','上海五角场实时车流[mssql->mysql->proj]','1','sync_mssql_mysql_park_real_110_proj',24,23,19,'*/3 * * * *','hopsonone_park_sh_real_time','tc.record:optdate:10,tc.recordarchive:optdate:10,dbo.userwork:optdate:10,qx.userex::,mc.device::',500,300,10,'110','market_id','min','/home/hopson/apps/usr/webserver/dba/syncer','mssql2mysql_sync.py','/home/hopson/apps/usr/webserver/python3.6.0','10.2.39.18','1');
insert  into `t_db_sync_config`(`id`,`sync_ywlx`,`comments`,`sync_type`,`sync_tag`,`sour_db_id`,`desc_db_id`,`server_id`,`run_time`,`sync_schema`,`sync_table`,`batch_size`,`batch_size_incr`,`sync_gap`,`sync_col_val`,`sync_col_name`,`sync_time_type`,`script_path`,`script_file`,`python3_home`,`api_server`,`status`) values (135,'4','上海五角场实时车流[mysql->mysql->bi]','2','sync_mysql_mysql_park_real_110_Bi',23,19,19,'*/3 * * * *','hopsonone_park_sh_real_time','tc_record:optdate:10,tc_recordarchive:optdate:10,qx_userex::,mc_device::',500,300,10,'110','market_id','min','/home/hopson/apps/usr/webserver/dba/syncer','mysql2mysql_sync.py','/home/hopson/apps/usr/webserver/python3.6.0','10.2.39.18','1');
insert  into `t_db_sync_config`(`id`,`sync_ywlx`,`comments`,`sync_type`,`sync_tag`,`sour_db_id`,`desc_db_id`,`server_id`,`run_time`,`sync_schema`,`sync_table`,`batch_size`,`batch_size_incr`,`sync_gap`,`sync_col_val`,`sync_col_name`,`sync_time_type`,`script_path`,`script_file`,`python3_home`,`api_server`,`status`) values (136,'5','上海五角场客流设备[mssql->mysql_bi]','1','sync_mssql_mysql_flow_real_device_110_Bi',22,19,19,'*/3 * * * *','hopsonone_flow_sh','dbo.Traffic_Sites::,dbo.System_Devices::,dbo.System_Channels::,dbo.Traffic_Cameras::,dbo.Traffic_CamerasInSites::',500,300,10,'110','market_id','day','/home/hopson/apps/usr/webserver/dba/syncer','mssql2mysql_sync.py','/home/hopson/apps/usr/webserver/python3.6.0','10.2.39.18','1');
insert  into `t_db_sync_config`(`id`,`sync_ywlx`,`comments`,`sync_type`,`sync_tag`,`sour_db_id`,`desc_db_id`,`server_id`,`run_time`,`sync_schema`,`sync_table`,`batch_size`,`batch_size_incr`,`sync_gap`,`sync_col_val`,`sync_col_name`,`sync_time_type`,`script_path`,`script_file`,`python3_home`,`api_server`,`status`) values (138,'5','上海五角场客流设备[mssql->mysql_biz]','1','sync_mssql_mysql_flow_real_device_110_biz',22,16,19,'*/3 * * * *','hopsonone_ipva_flow_sh','dbo.Traffic_Sites::,dbo.System_Devices::,dbo.System_Channels::,dbo.Traffic_Cameras::,dbo.Traffic_CamerasInSites::',500,300,10,'110','market_id','day','/home/hopson/apps/usr/webserver/dba/syncer','mssql2mysql_sync.py','/home/hopson/apps/usr/webserver/python3.6.0','10.2.39.18','1');
insert  into `t_db_sync_config`(`id`,`sync_ywlx`,`comments`,`sync_type`,`sync_tag`,`sour_db_id`,`desc_db_id`,`server_id`,`run_time`,`sync_schema`,`sync_table`,`batch_size`,`batch_size_incr`,`sync_gap`,`sync_col_val`,`sync_col_name`,`sync_time_type`,`script_path`,`script_file`,`python3_home`,`api_server`,`status`) values (139,'7','上海五角场收费员结算[mysql->mysql->biz]','2','sync_mysql_mysql_park_charge_110_biz',23,16,19,'*/3 * * * *','hopsonone_park_sh_real_time','dbo_userwork:optdate:1',500,300,10,'110','market_id','day','/home/hopson/apps/usr/webserver/dba/syncer','mysql2mysql_sync.py','/home/hopson/apps/usr/webserver/python3.6.0','10.2.39.18','0');
insert  into `t_db_sync_config`(`id`,`sync_ywlx`,`comments`,`sync_type`,`sync_tag`,`sour_db_id`,`desc_db_id`,`server_id`,`run_time`,`sync_schema`,`sync_table`,`batch_size`,`batch_size_incr`,`sync_gap`,`sync_col_val`,`sync_col_name`,`sync_time_type`,`script_path`,`script_file`,`python3_home`,`api_server`,`status`) values (140,'1','成都珠江广场离线客流[mssql->mysql_proj]','1','sync_mssql_mysql_flow_108_proj',35,34,20,'*/15 * * * *','hopsonone_flow_cd','dbo.Summary_Day:ModifyTime:1',1000,500,10,'108','market_id','day','/home/hopson/apps/usr/webserver/dba/syncer','mssql2mysql_sync.py','/home/hopson/apps/usr/webserver/python3.6.0','10.2.39.18','1');
insert  into `t_db_sync_config`(`id`,`sync_ywlx`,`comments`,`sync_type`,`sync_tag`,`sour_db_id`,`desc_db_id`,`server_id`,`run_time`,`sync_schema`,`sync_table`,`batch_size`,`batch_size_incr`,`sync_gap`,`sync_col_val`,`sync_col_name`,`sync_time_type`,`script_path`,`script_file`,`python3_home`,`api_server`,`status`) values (141,'1','成都珠江广场离线客流[mysql_proj->mysql_bi]','2','sync_mysql_mysql_flow_108_Bi',34,19,20,'*/15 * * * *','hopsonone_flow_cd','dbo_summary_day:modifytime:1',1000,500,10,'108','market_id','day','/home/hopson/apps/usr/webserver/dba/syncer','mysql2mysql_sync.py','/home/hopson/apps/usr/webserver/python3.6.0','10.2.39.18','1');
insert  into `t_db_sync_config`(`id`,`sync_ywlx`,`comments`,`sync_type`,`sync_tag`,`sour_db_id`,`desc_db_id`,`server_id`,`run_time`,`sync_schema`,`sync_table`,`batch_size`,`batch_size_incr`,`sync_gap`,`sync_col_val`,`sync_col_name`,`sync_time_type`,`script_path`,`script_file`,`python3_home`,`api_server`,`status`) values (142,'1','成都珠江广场离线客流[mysql_proj->mysql_biz]','2','sync_mysql_mysql_flow_108_biz',34,16,20,'*/15 * * * *','hopsonone_flow_cd','dbo_summary_day:modifytime:1',1000,500,10,'108','market_id','day','/home/hopson/apps/usr/webserver/dba/syncer','mysql2mysql_sync.py','/home/hopson/apps/usr/webserver/python3.6.0','10.2.39.18','1');
insert  into `t_db_sync_config`(`id`,`sync_ywlx`,`comments`,`sync_type`,`sync_tag`,`sour_db_id`,`desc_db_id`,`server_id`,`run_time`,`sync_schema`,`sync_table`,`batch_size`,`batch_size_incr`,`sync_gap`,`sync_col_val`,`sync_col_name`,`sync_time_type`,`script_path`,`script_file`,`python3_home`,`api_server`,`status`) values (143,'3','成都珠江广场离线车流[mssql->mysql_proj]','1','sync_mssql_mysql_park_108_proj',33,34,20,'*/15 * * * *','hopsonone_park_cd','tc.record:optdate:1,tc.recordarchive:optdate:1,tc.userwork:optdate:1,dbo.userwork:optdate:1,tc.chargingstandardgeneric1::,tc.chargingstandardgeneric2::',1000,500,10,'108','market_id','day','/home/hopson/apps/usr/webserver/dba/syncer','mssql2mysql_sync.py','/home/hopson/apps/usr/webserver/python3.6.0','10.2.39.18','1');
insert  into `t_db_sync_config`(`id`,`sync_ywlx`,`comments`,`sync_type`,`sync_tag`,`sour_db_id`,`desc_db_id`,`server_id`,`run_time`,`sync_schema`,`sync_table`,`batch_size`,`batch_size_incr`,`sync_gap`,`sync_col_val`,`sync_col_name`,`sync_time_type`,`script_path`,`script_file`,`python3_home`,`api_server`,`status`) values (144,'3','成都珠江广场离线车流[mysql->mysql_biz]','2','sync_mysql_mysql_park_108_biz',34,16,20,'*/15 * * * *','hopsonone_park_cd','tc_chargingstandardgeneric1::,tc_chargingstandardgeneric2::',1000,500,10,'108','market_id','day','/home/hopson/apps/usr/webserver/dba/syncer','mysql2mysql_sync.py','/home/hopson/apps/usr/webserver/python3.6.0','10.2.39.18','1');
insert  into `t_db_sync_config`(`id`,`sync_ywlx`,`comments`,`sync_type`,`sync_tag`,`sour_db_id`,`desc_db_id`,`server_id`,`run_time`,`sync_schema`,`sync_table`,`batch_size`,`batch_size_incr`,`sync_gap`,`sync_col_val`,`sync_col_name`,`sync_time_type`,`script_path`,`script_file`,`python3_home`,`api_server`,`status`) values (145,'3','成都珠江广场离线车流[mysql->mysql_bi]','2','sync_mysql_mysql_park_108_Bi',34,19,20,'*/15 * * * *','hopsonone_park_cd','tc_record:optdate:1,tc_userwork:optdate:1,tc_recordarchive:optdate:1,qx_userex::,dbo_userwork:optdate:1',1000,500,10,'108','market_id','day','/home/hopson/apps/usr/webserver/dba/syncer','mysql2mysql_sync.py','/home/hopson/apps/usr/webserver/python3.6.0','10.2.39.18','1');
insert  into `t_db_sync_config`(`id`,`sync_ywlx`,`comments`,`sync_type`,`sync_tag`,`sour_db_id`,`desc_db_id`,`server_id`,`run_time`,`sync_schema`,`sync_table`,`batch_size`,`batch_size_incr`,`sync_gap`,`sync_col_val`,`sync_col_name`,`sync_time_type`,`script_path`,`script_file`,`python3_home`,`api_server`,`status`) values (146,'2','成都珠江广场实时客流[mssql->mysql_proj]','1','sync_mssql_mysql_flow_real_108_proj',35,34,20,'*/3 * * * *','hopsonone_flow_cd_real_time','dbo.Summary_Thirty:ModifyTime:10',1000,500,10,'108','market_id','min','/home/hopson/apps/usr/webserver/dba/syncer','mssql2mysql_sync.py','/home/hopson/apps/usr/webserver/python3.6.0','10.2.39.18','1');
insert  into `t_db_sync_config`(`id`,`sync_ywlx`,`comments`,`sync_type`,`sync_tag`,`sour_db_id`,`desc_db_id`,`server_id`,`run_time`,`sync_schema`,`sync_table`,`batch_size`,`batch_size_incr`,`sync_gap`,`sync_col_val`,`sync_col_name`,`sync_time_type`,`script_path`,`script_file`,`python3_home`,`api_server`,`status`) values (147,'2','成都珠江广场实时客流[mysql->mysql_bi]','2','sync_mysql_mysql_flow_real_108_Bi',34,19,20,'*/3 * * * *','hopsonone_flow_cd_real_time','dbo_summary_thirty:modifytime:10',1000,500,10,'108','market_id','min','/home/hopson/apps/usr/webserver/dba/syncer','mysql2mysql_sync.py','/home/hopson/apps/usr/webserver/python3.6.0','10.2.39.18','1');
insert  into `t_db_sync_config`(`id`,`sync_ywlx`,`comments`,`sync_type`,`sync_tag`,`sour_db_id`,`desc_db_id`,`server_id`,`run_time`,`sync_schema`,`sync_table`,`batch_size`,`batch_size_incr`,`sync_gap`,`sync_col_val`,`sync_col_name`,`sync_time_type`,`script_path`,`script_file`,`python3_home`,`api_server`,`status`) values (148,'4','成都珠江广场实时车流[mssql->mysql->proj]','1','sync_mssql_mysql_park_real_108_proj',33,34,20,'*/3 * * * *','hopsonone_park_cd_real_time','tc.record:optdate:10,tc.recordarchive:optdate:10,dbo.userwork:optdate:24,qx.userex::,mc.device::',1000,500,10,'108','market_id','min','/home/hopson/apps/usr/webserver/dba/syncer','mssql2mysql_sync.py','/home/hopson/apps/usr/webserver/python3.6.0','10.2.39.18','1');
insert  into `t_db_sync_config`(`id`,`sync_ywlx`,`comments`,`sync_type`,`sync_tag`,`sour_db_id`,`desc_db_id`,`server_id`,`run_time`,`sync_schema`,`sync_table`,`batch_size`,`batch_size_incr`,`sync_gap`,`sync_col_val`,`sync_col_name`,`sync_time_type`,`script_path`,`script_file`,`python3_home`,`api_server`,`status`) values (149,'4','成都珠江广场实时车流[mysql_proj->mysql_bi]','2','sync_mysql_mysql_park_real_108_Bi',34,19,20,'*/3 * * * *','hopsonone_park_cd_real_time','tc_record:optdate:10,tc_recordarchive:optdate:10,qx_userex::,mc_device::',1000,500,10,'108','market_id','min','/home/hopson/apps/usr/webserver/dba/syncer','mysql2mysql_sync.py','/home/hopson/apps/usr/webserver/python3.6.0','10.2.39.18','1');
insert  into `t_db_sync_config`(`id`,`sync_ywlx`,`comments`,`sync_type`,`sync_tag`,`sour_db_id`,`desc_db_id`,`server_id`,`run_time`,`sync_schema`,`sync_table`,`batch_size`,`batch_size_incr`,`sync_gap`,`sync_col_val`,`sync_col_name`,`sync_time_type`,`script_path`,`script_file`,`python3_home`,`api_server`,`status`) values (150,'5','成都珠江广场客流设备[mssql->mysql_bi]','1','sync_mssql_mysql_flow_real_device_108_Bi',35,19,20,'*/3 * * * *','hopsonone_flow_cd','dbo.Traffic_Sites::,dbo.System_Devices::,dbo.System_Channels::,dbo.Traffic_Cameras::,dbo.Traffic_CamerasInSites::',1000,500,10,'108','market_id','min','/home/hopson/apps/usr/webserver/dba/syncer','mssql2mysql_sync.py','/home/hopson/apps/usr/webserver/python3.6.0','10.2.39.18','1');
insert  into `t_db_sync_config`(`id`,`sync_ywlx`,`comments`,`sync_type`,`sync_tag`,`sour_db_id`,`desc_db_id`,`server_id`,`run_time`,`sync_schema`,`sync_table`,`batch_size`,`batch_size_incr`,`sync_gap`,`sync_col_val`,`sync_col_name`,`sync_time_type`,`script_path`,`script_file`,`python3_home`,`api_server`,`status`) values (151,'5','成都珠江广场客流设备[mssql->mysql_biz]','1','sync_mssql_mysql_flow_real_device_108_biz',35,16,20,'*/3 * * * *','hopsonone_ipva_flow_cd','dbo.Traffic_Sites::,dbo.System_Devices::,dbo.System_Channels::,dbo.Traffic_Cameras::,dbo.Traffic_CamerasInSites::',1000,500,10,'108','market_id','min','/home/hopson/apps/usr/webserver/dba/syncer','mssql2mysql_sync.py','/home/hopson/apps/usr/webserver/python3.6.0','10.2.39.18','1');
insert  into `t_db_sync_config`(`id`,`sync_ywlx`,`comments`,`sync_type`,`sync_tag`,`sour_db_id`,`desc_db_id`,`server_id`,`run_time`,`sync_schema`,`sync_table`,`batch_size`,`batch_size_incr`,`sync_gap`,`sync_col_val`,`sync_col_name`,`sync_time_type`,`script_path`,`script_file`,`python3_home`,`api_server`,`status`) values (152,'7','成都珠江广场收费员结算[mysql->mysql_biz]','2','sync_mysql_mysql_park_charge_108_biz',34,16,20,'*/3 * * * *','hopsonone_park_cd_real_time','dbo_userwork:optdate:1',1000,500,10,'108','market_id','day','/home/hopson/apps/usr/webserver/dba/syncer','mysql2mysql_sync.py','/home/hopson/apps/usr/webserver/python3.6.0','10.2.39.18','1');
insert  into `t_db_sync_config`(`id`,`sync_ywlx`,`comments`,`sync_type`,`sync_tag`,`sour_db_id`,`desc_db_id`,`server_id`,`run_time`,`sync_schema`,`sync_table`,`batch_size`,`batch_size_incr`,`sync_gap`,`sync_col_val`,`sync_col_name`,`sync_time_type`,`script_path`,`script_file`,`python3_home`,`api_server`,`status`) values (153,'1','广州嘉和南离线客流[mssql->mysql_proj]','1','sync_mssql_mysql_flow_132_proj',37,39,21,'*/5 * * * *','hopsonone_flow_gz','dbo.Summary_Day:ModifyTime:1',1000,500,10,'132','market_id','day','/home/hopson/apps/usr/webserver/dba/syncer','mssql2mysql_sync.py','/home/hopson/apps/usr/webserver/python3.6.0','10.2.39.18','1');
insert  into `t_db_sync_config`(`id`,`sync_ywlx`,`comments`,`sync_type`,`sync_tag`,`sour_db_id`,`desc_db_id`,`server_id`,`run_time`,`sync_schema`,`sync_table`,`batch_size`,`batch_size_incr`,`sync_gap`,`sync_col_val`,`sync_col_name`,`sync_time_type`,`script_path`,`script_file`,`python3_home`,`api_server`,`status`) values (154,'1','广州嘉和南离线客流[mysql_proj->mysql_bi]','2','sync_mysql_mysql_flow_132_Bi',39,19,21,'*/5 * * * *','hopsonone_flow_gz','dbo_summary_day:modifytime:1',1000,500,10,'132','market_id','day','/home/hopson/apps/usr/webserver/dba/syncer','mysql2mysql_sync.py','/home/hopson/apps/usr/webserver/python3.6.0','10.2.39.18','1');
insert  into `t_db_sync_config`(`id`,`sync_ywlx`,`comments`,`sync_type`,`sync_tag`,`sour_db_id`,`desc_db_id`,`server_id`,`run_time`,`sync_schema`,`sync_table`,`batch_size`,`batch_size_incr`,`sync_gap`,`sync_col_val`,`sync_col_name`,`sync_time_type`,`script_path`,`script_file`,`python3_home`,`api_server`,`status`) values (155,'1','广州嘉和南离线客流[mysql_proj->mysql_biz]','2','sync_mysql_mysql_flow_132_biz',39,16,21,'*/5 * * * *','hopsonone_flow_gz','dbo_summary_day:modifytime:1',1000,500,10,'132','market_id','day','/home/hopson/apps/usr/webserver/dba/syncer','mysql2mysql_sync.py','/home/hopson/apps/usr/webserver/python3.6.0','10.2.39.18','1');
insert  into `t_db_sync_config`(`id`,`sync_ywlx`,`comments`,`sync_type`,`sync_tag`,`sour_db_id`,`desc_db_id`,`server_id`,`run_time`,`sync_schema`,`sync_table`,`batch_size`,`batch_size_incr`,`sync_gap`,`sync_col_val`,`sync_col_name`,`sync_time_type`,`script_path`,`script_file`,`python3_home`,`api_server`,`status`) values (156,'3','广州嘉和南离线车流[mssql->mysql_proj]','1','sync_mssql_mysql_park_132_proj',38,39,21,'*/15 * * * *','hopsonone_park_gz','tc.record:optdate:1,tc.userwork:optdate:1,dbo.userwork:optdate:1,tc.chargingstandardgeneric1::,tc.chargingstandardgeneric2::,qx.userex::,tc.recordarchive:optdate:1',1000,500,10,'132','market_id','day','/home/hopson/apps/usr/webserver/dba/syncer','mssql2mysql_sync.py','/home/hopson/apps/usr/webserver/python3.6.0','10.2.39.18','1');
insert  into `t_db_sync_config`(`id`,`sync_ywlx`,`comments`,`sync_type`,`sync_tag`,`sour_db_id`,`desc_db_id`,`server_id`,`run_time`,`sync_schema`,`sync_table`,`batch_size`,`batch_size_incr`,`sync_gap`,`sync_col_val`,`sync_col_name`,`sync_time_type`,`script_path`,`script_file`,`python3_home`,`api_server`,`status`) values (157,'3','广州嘉和南离线车流[mysql->mysql_biz]','2','sync_mysql_mysql_park_132_biz',39,16,21,'*/15 * * * *','hopsonone_park_gz','tc_chargingstandardgeneric1::,tc_chargingstandardgeneric2::',1000,500,10,'132','market_id','day','/home/hopson/apps/usr/webserver/dba/syncer','mysql2mysql_sync.py','/home/hopson/apps/usr/webserver/python3.6.0','10.2.39.18','1');
insert  into `t_db_sync_config`(`id`,`sync_ywlx`,`comments`,`sync_type`,`sync_tag`,`sour_db_id`,`desc_db_id`,`server_id`,`run_time`,`sync_schema`,`sync_table`,`batch_size`,`batch_size_incr`,`sync_gap`,`sync_col_val`,`sync_col_name`,`sync_time_type`,`script_path`,`script_file`,`python3_home`,`api_server`,`status`) values (158,'3','广州嘉和南离线车流[mysql->mysql_bi]','2','sync_mysql_mysql_park_132_Bi',39,19,21,'*/15 * * * *','hopsonone_park_gz','tc_record:optdate:1,tc_userwork:optdate:1,tc_recordarchive:optdate:1,qx_userex::,dbo_userwork:optdate:1',1000,500,10,'132','market_id','day','/home/hopson/apps/usr/webserver/dba/syncer','mysql2mysql_sync.py','/home/hopson/apps/usr/webserver/python3.6.0','10.2.39.18','1');
insert  into `t_db_sync_config`(`id`,`sync_ywlx`,`comments`,`sync_type`,`sync_tag`,`sour_db_id`,`desc_db_id`,`server_id`,`run_time`,`sync_schema`,`sync_table`,`batch_size`,`batch_size_incr`,`sync_gap`,`sync_col_val`,`sync_col_name`,`sync_time_type`,`script_path`,`script_file`,`python3_home`,`api_server`,`status`) values (159,'2','广州嘉和南实时客流[mssql->mysql_proj]','1','sync_mssql_mysql_flow_real_132_proj',37,39,21,'*/3 * * * *','hopsonone_flow_gz_real_time','dbo.Summary_Thirty:ModifyTime:10',1000,500,10,'132','market_id','min','/home/hopson/apps/usr/webserver/dba/syncer','mssql2mysql_sync.py','/home/hopson/apps/usr/webserver/python3.6.0','10.2.39.18','1');
insert  into `t_db_sync_config`(`id`,`sync_ywlx`,`comments`,`sync_type`,`sync_tag`,`sour_db_id`,`desc_db_id`,`server_id`,`run_time`,`sync_schema`,`sync_table`,`batch_size`,`batch_size_incr`,`sync_gap`,`sync_col_val`,`sync_col_name`,`sync_time_type`,`script_path`,`script_file`,`python3_home`,`api_server`,`status`) values (160,'2','广州嘉和南实时客流[mysql->mysql_bi]','2','sync_mysql_mysql_flow_real_132_Bi',39,19,21,'*/3 * * * *','hopsonone_flow_gz_real_time','dbo_summary_thirty:modifytime:10',1000,500,10,'132','market_id','min','/home/hopson/apps/usr/webserver/dba/syncer','mysql2mysql_sync.py','/home/hopson/apps/usr/webserver/python3.6.0','10.2.39.18','1');
insert  into `t_db_sync_config`(`id`,`sync_ywlx`,`comments`,`sync_type`,`sync_tag`,`sour_db_id`,`desc_db_id`,`server_id`,`run_time`,`sync_schema`,`sync_table`,`batch_size`,`batch_size_incr`,`sync_gap`,`sync_col_val`,`sync_col_name`,`sync_time_type`,`script_path`,`script_file`,`python3_home`,`api_server`,`status`) values (161,'4','广州嘉和南实时车流[mssql->mysql->proj]','1','sync_mssql_mysql_park_real_132_proj',38,39,21,'*/3 * * * *','hopsonone_park_gz_real_time','tc.record:optdate:10,tc.recordarchive:optdate:10,dbo.userwork:optdate:10',1000,500,10,'132','market_id','min','/home/hopson/apps/usr/webserver/dba/syncer','mssql2mysql_sync.py','/home/hopson/apps/usr/webserver/python3.6.0','10.2.39.18','1');
insert  into `t_db_sync_config`(`id`,`sync_ywlx`,`comments`,`sync_type`,`sync_tag`,`sour_db_id`,`desc_db_id`,`server_id`,`run_time`,`sync_schema`,`sync_table`,`batch_size`,`batch_size_incr`,`sync_gap`,`sync_col_val`,`sync_col_name`,`sync_time_type`,`script_path`,`script_file`,`python3_home`,`api_server`,`status`) values (162,'4','广州嘉和南实时车流[mysql_proj->mysql_bi]','2','sync_mysql_mysql_park_real_132_Bi',39,19,21,'*/3 * * * *','hopsonone_park_gz_real_time','tc_record:optdate:10,tc_recordarchive:optdate:10',1000,500,10,'132','market_id','min','/home/hopson/apps/usr/webserver/dba/syncer','mysql2mysql_sync.py','/home/hopson/apps/usr/webserver/python3.6.0','10.2.39.18','1');
insert  into `t_db_sync_config`(`id`,`sync_ywlx`,`comments`,`sync_type`,`sync_tag`,`sour_db_id`,`desc_db_id`,`server_id`,`run_time`,`sync_schema`,`sync_table`,`batch_size`,`batch_size_incr`,`sync_gap`,`sync_col_val`,`sync_col_name`,`sync_time_type`,`script_path`,`script_file`,`python3_home`,`api_server`,`status`) values (163,'5','广州嘉和南客流设备[mssql->mysql_bi]','1','sync_mssql_mysql_flow_real_device_132_Bi',37,19,21,'*/3 * * * *','hopsonone_flow_gz','dbo.Traffic_Sites::,dbo.System_Devices::,dbo.System_Channels::,dbo.Traffic_Cameras::,dbo.Traffic_CamerasInSites::',1000,500,10,'132','market_id','min','/home/hopson/apps/usr/webserver/dba/syncer','mssql2mysql_sync.py','/home/hopson/apps/usr/webserver/python3.6.0','10.2.39.18','1');
insert  into `t_db_sync_config`(`id`,`sync_ywlx`,`comments`,`sync_type`,`sync_tag`,`sour_db_id`,`desc_db_id`,`server_id`,`run_time`,`sync_schema`,`sync_table`,`batch_size`,`batch_size_incr`,`sync_gap`,`sync_col_val`,`sync_col_name`,`sync_time_type`,`script_path`,`script_file`,`python3_home`,`api_server`,`status`) values (164,'5','广州嘉和南客流设备[mssql->mysql_biz]','1','sync_mssql_mysql_flow_real_device_132_biz',37,16,21,'*/3 * * * *','hopsonone_ipva_flow_gz','dbo.Traffic_Sites::,dbo.System_Devices::,dbo.System_Channels::,dbo.Traffic_Cameras::,dbo.Traffic_CamerasInSites::',1000,500,10,'132','market_id','min','/home/hopson/apps/usr/webserver/dba/syncer','mssql2mysql_sync.py','/home/hopson/apps/usr/webserver/python3.6.0','10.2.39.18','1');
insert  into `t_db_sync_config`(`id`,`sync_ywlx`,`comments`,`sync_type`,`sync_tag`,`sour_db_id`,`desc_db_id`,`server_id`,`run_time`,`sync_schema`,`sync_table`,`batch_size`,`batch_size_incr`,`sync_gap`,`sync_col_val`,`sync_col_name`,`sync_time_type`,`script_path`,`script_file`,`python3_home`,`api_server`,`status`) values (165,'7','广州嘉和南收费员结算[mysql->mysql_biz]','2','sync_mysql_mysql_park_charge_132_biz',39,16,21,'*/3 * * * *','hopsonone_park_gz_real_time','dbo_userwork:optdate:1',1000,500,10,'132','market_id','day','/home/hopson/apps/usr/webserver/dba/syncer','mysql2mysql_sync.py','/home/hopson/apps/usr/webserver/python3.6.0','10.2.39.18','1');
insert  into `t_db_sync_config`(`id`,`sync_ywlx`,`comments`,`sync_type`,`sync_tag`,`sour_db_id`,`desc_db_id`,`server_id`,`run_time`,`sync_schema`,`sync_table`,`batch_size`,`batch_size_incr`,`sync_gap`,`sync_col_val`,`sync_col_name`,`sync_time_type`,`script_path`,`script_file`,`python3_home`,`api_server`,`status`) values (166,'3','广州嘉和北离线车流[mssql->mysql_proj]','1','sync_mssql_mysql_park_170_proj',40,41,21,'*/15 * * * *','hopsonone_park_gz_north','tc.record:optdate:3,tc.userwork:optdate:3,dbo.userwork:optdate:3,tc.chargingstandardgeneric1::,tc.chargingstandardgeneric2::,qx.userex::,tc.recordarchive:optdate:3',1000,500,10,'170','market_id','day','/home/hopson/apps/usr/webserver/dba/syncer','mssql2mysql_sync.py','/home/hopson/apps/usr/webserver/python3.6.0','10.2.39.18','1');
insert  into `t_db_sync_config`(`id`,`sync_ywlx`,`comments`,`sync_type`,`sync_tag`,`sour_db_id`,`desc_db_id`,`server_id`,`run_time`,`sync_schema`,`sync_table`,`batch_size`,`batch_size_incr`,`sync_gap`,`sync_col_val`,`sync_col_name`,`sync_time_type`,`script_path`,`script_file`,`python3_home`,`api_server`,`status`) values (167,'3','广州嘉和北离线车流[mysql->mysql_bi]','2','sync_mysql_mysql_park_170_Bi',41,19,21,'*/15 * * * *','hopsonone_park_gz_north','tc_record:optdate:3,tc_userwork:optdate:3,tc_recordarchive:optdate:3,qx_userex::,dbo_userwork:optdate:3',1000,500,10,'170','market_id','day','/home/hopson/apps/usr/webserver/dba/syncer','mysql2mysql_sync.py','/home/hopson/apps/usr/webserver/python3.6.0','10.2.39.18','1');
insert  into `t_db_sync_config`(`id`,`sync_ywlx`,`comments`,`sync_type`,`sync_tag`,`sour_db_id`,`desc_db_id`,`server_id`,`run_time`,`sync_schema`,`sync_table`,`batch_size`,`batch_size_incr`,`sync_gap`,`sync_col_val`,`sync_col_name`,`sync_time_type`,`script_path`,`script_file`,`python3_home`,`api_server`,`status`) values (168,'4','广州嘉和北实时车流[mssql->mysql_proj]','1','sync_mssql_mysql_park_real_170_proj',40,41,21,'*/3 * * * *','hopsonone_park_gz_north_real_time','tc.record:optdate:10,tc.recordarchive:optdate:10',1000,500,10,'170','market_id','min','/home/hopson/apps/usr/webserver/dba/syncer','mssql2mysql_sync.py','/home/hopson/apps/usr/webserver/python3.6.0','10.2.39.18','1');
insert  into `t_db_sync_config`(`id`,`sync_ywlx`,`comments`,`sync_type`,`sync_tag`,`sour_db_id`,`desc_db_id`,`server_id`,`run_time`,`sync_schema`,`sync_table`,`batch_size`,`batch_size_incr`,`sync_gap`,`sync_col_val`,`sync_col_name`,`sync_time_type`,`script_path`,`script_file`,`python3_home`,`api_server`,`status`) values (169,'4','广州嘉和北实时车流[mysql_proj->mysql_bi]','2','sync_mysql_mysql_park_real_170_Bi',41,19,21,'*/3 * * * *','hopsonone_park_gz_north_real_time','tc_record:optdate:10,tc_recordarchive:optdate:10',1000,500,10,'170','market_id','min','/home/hopson/apps/usr/webserver/dba/syncer','mysql2mysql_sync.py','/home/hopson/apps/usr/webserver/python3.6.0','10.2.39.18','1');
insert  into `t_db_sync_config`(`id`,`sync_ywlx`,`comments`,`sync_type`,`sync_tag`,`sour_db_id`,`desc_db_id`,`server_id`,`run_time`,`sync_schema`,`sync_table`,`batch_size`,`batch_size_incr`,`sync_gap`,`sync_col_val`,`sync_col_name`,`sync_time_type`,`script_path`,`script_file`,`python3_home`,`api_server`,`status`) values (170,'3','上海青浦米格离线车流[mssql->mysql->bi]','1','sync_mssql_mysql_park_234_Bi',42,19,22,'*/15 * * * *','hopsonone_park_sh_tjd','dbo.Park_CarOutRun:passdate:1,dbo.Park_CarLog:datein:1,dbo.Park_CarOutLog:dateout:1,dbo.Oper_DataLog:createdate:1,dbo.Park_PayLog:paydate:1,dbo.Park_PayOutLog:paydate:1,dbo.Park_SpeciCarLog:createdate:1,dbo.park_specicarconfig:lastoperadate:1,dbo.fee_log:syncdate:1,dbo.hardware_control:lastoperadate:1',1000,500,10,'234','market_id','day','/home/hopson/apps/usr/webserver/dba/syncer','mssql2mysql_sync.py','/home/hopson/apps/usr/webserver/python3.6.0','10.2.39.18','1');
insert  into `t_db_sync_config`(`id`,`sync_ywlx`,`comments`,`sync_type`,`sync_tag`,`sour_db_id`,`desc_db_id`,`server_id`,`run_time`,`sync_schema`,`sync_table`,`batch_size`,`batch_size_incr`,`sync_gap`,`sync_col_val`,`sync_col_name`,`sync_time_type`,`script_path`,`script_file`,`python3_home`,`api_server`,`status`) values (171,'4','上海青浦米格实时车流[mssql->mysql->bi]','1','sync_mssql_mysql_park_real_234_Bi',42,19,22,'*/3 * * * *','hopsonone_park_sh_tjd_real_time','dbo.Park_CarOutRun:passdate:1,dbo.Park_CarLog:datein:1,dbo.Park_CarOutLog:dateout:1,dbo.Oper_DataLog:createdate:1,dbo.Park_PayLog:paydate:1,dbo.Park_PayOutLog:paydate:1,dbo.Park_SpeciCarLog:createdate:1,dbo.park_specicarconfig:lastoperadate:1,dbo.fee_log:syncdate:1,dbo.hardware_control:lastoperadate:1',1000,500,10,'234','market_id','day','/home/hopson/apps/usr/webserver/dba/syncer','mssql2mysql_sync.py','/home/hopson/apps/usr/webserver/python3.6.0','10.2.39.18','1');
insert  into `t_db_sync_config`(`id`,`sync_ywlx`,`comments`,`sync_type`,`sync_tag`,`sour_db_id`,`desc_db_id`,`server_id`,`run_time`,`sync_schema`,`sync_table`,`batch_size`,`batch_size_incr`,`sync_gap`,`sync_col_val`,`sync_col_name`,`sync_time_type`,`script_path`,`script_file`,`python3_home`,`api_server`,`status`) values (172,'1','上海青浦米格离线客流[mysql->mysql->bi]','1','sync_mysql_mysql_flow_234_Bi',43,19,22,'*/15 * * * *','hopsonone_flow_sh_tjd','dbo.Summary_Day:ModifyTime:3',1000,500,10,'234','market_id','day','/home/hopson/apps/usr/webserver/dba/syncer','mssql2mysql_sync.py','/home/hopson/apps/usr/webserver/python3.6.0','10.2.39.18','1');
insert  into `t_db_sync_config`(`id`,`sync_ywlx`,`comments`,`sync_type`,`sync_tag`,`sour_db_id`,`desc_db_id`,`server_id`,`run_time`,`sync_schema`,`sync_table`,`batch_size`,`batch_size_incr`,`sync_gap`,`sync_col_val`,`sync_col_name`,`sync_time_type`,`script_path`,`script_file`,`python3_home`,`api_server`,`status`) values (173,'2','上海青浦米格实时客流[mysql->mysql->bi]','1','sync_mysql_mysql_flow_real_234_Bi',43,19,22,'*/3 * * * *','hopsonone_flow_sh_tjd_real_time','dbo.Summary_Thirty:ModifyTime:1',1000,500,10,'234','market_id','day','/home/hopson/apps/usr/webserver/dba/syncer','mssql2mysql_sync.py','/home/hopson/apps/usr/webserver/python3.6.0','10.2.39.18','1');
insert  into `t_db_sync_config`(`id`,`sync_ywlx`,`comments`,`sync_type`,`sync_tag`,`sour_db_id`,`desc_db_id`,`server_id`,`run_time`,`sync_schema`,`sync_table`,`batch_size`,`batch_size_incr`,`sync_gap`,`sync_col_val`,`sync_col_name`,`sync_time_type`,`script_path`,`script_file`,`python3_home`,`api_server`,`status`) values (174,'5','上海青浦米格客流设备[mysql->mysql_bi]','1','sync_mssql_mysql_flow_real_device_234_Bi',43,19,22,'*/3 * * * *','hopsonone_flow_sh_tjd','dbo.Traffic_Sites::,dbo.System_Devices::,dbo.System_Channels::,dbo.Traffic_Cameras::,dbo.Traffic_CamerasInSites::',1000,500,10,'234','market_id','day','/home/hopson/apps/usr/webserver/dba/syncer','mssql2mysql_sync.py','/home/hopson/apps/usr/webserver/python3.6.0','10.2.39.18','1');
insert  into `t_db_sync_config`(`id`,`sync_ywlx`,`comments`,`sync_type`,`sync_tag`,`sour_db_id`,`desc_db_id`,`server_id`,`run_time`,`sync_schema`,`sync_table`,`batch_size`,`batch_size_incr`,`sync_gap`,`sync_col_val`,`sync_col_name`,`sync_time_type`,`script_path`,`script_file`,`python3_home`,`api_server`,`status`) values (175,'5','上海青浦米格客流设备[mssql->mysql_biz]','1','sync_mssql_mysql_flow_real_device_234_biz',43,16,22,'*/3 * * * *','hopsonone_ipva_flow_sh_tjd','dbo.Traffic_Sites::,dbo.System_Devices::,dbo.System_Channels::,dbo.Traffic_Cameras::,dbo.Traffic_CamerasInSites::',1000,500,10,'234','market_id','day','/home/hopson/apps/usr/webserver/dba/syncer','mssql2mysql_sync.py','/home/hopson/apps/usr/webserver/python3.6.0','10.2.39.18','1');
insert  into `t_db_sync_config`(`id`,`sync_ywlx`,`comments`,`sync_type`,`sync_tag`,`sour_db_id`,`desc_db_id`,`server_id`,`run_time`,`sync_schema`,`sync_table`,`batch_size`,`batch_size_incr`,`sync_gap`,`sync_col_val`,`sync_col_name`,`sync_time_type`,`script_path`,`script_file`,`python3_home`,`api_server`,`status`) values (176,'3','合生新天地离线车流[mysql->mysql_bi]','2','sync_mysql_mysql_park_213_Bi',44,19,26,'*/15 * * * *','hopsonone_park_bj_wangjing','tc_record:optdate:1,tc_recordarchive:optdate:1',1000,500,10,'213','market_id','day','/home/hopson/apps/usr/webserver/dba/syncer','mysql2mysql_sync.py','/home/hopson/apps/usr/webserver/dba/python3.6.0','124.127.103.190:65480','1');
insert  into `t_db_sync_config`(`id`,`sync_ywlx`,`comments`,`sync_type`,`sync_tag`,`sour_db_id`,`desc_db_id`,`server_id`,`run_time`,`sync_schema`,`sync_table`,`batch_size`,`batch_size_incr`,`sync_gap`,`sync_col_val`,`sync_col_name`,`sync_time_type`,`script_path`,`script_file`,`python3_home`,`api_server`,`status`) values (177,'3','合生新天地离线车流[mssql->mysql_proj]','1','sync_mssql_mysql_park_213_proj',45,44,26,'*/15 * * * *','hopsonone_park_bj_wangjing','tc.record:optdate:1,tc.recordarchive:optdate:1',1000,500,10,'213','market_id','day','/home/hopson/apps/usr/webserver/dba/syncer','mssql2mysql_sync.py','/home/hopson/apps/usr/webserver/dba/python3.6.0','124.127.103.190:65480','1');
insert  into `t_db_sync_config`(`id`,`sync_ywlx`,`comments`,`sync_type`,`sync_tag`,`sour_db_id`,`desc_db_id`,`server_id`,`run_time`,`sync_schema`,`sync_table`,`batch_size`,`batch_size_incr`,`sync_gap`,`sync_col_val`,`sync_col_name`,`sync_time_type`,`script_path`,`script_file`,`python3_home`,`api_server`,`status`) values (178,'4','合生新天地实时车流[mssql->mysql->proj]','1','sync_mssql_mysql_park_real_213_proj',45,44,26,'*/3 * * * *','hopsonone_park_bj_wangjing_real_time','tc.record:optdate:10,tc.recordarchive:optdate:10,dbo.userwork:optdate:10',1000,500,10,'213','market_id','min','/home/hopson/apps/usr/webserver/dba/syncer','mssql2mysql_sync.py','/home/hopson/apps/usr/webserver/dba/python3.6.0','124.127.103.190:65480','1');
insert  into `t_db_sync_config`(`id`,`sync_ywlx`,`comments`,`sync_type`,`sync_tag`,`sour_db_id`,`desc_db_id`,`server_id`,`run_time`,`sync_schema`,`sync_table`,`batch_size`,`batch_size_incr`,`sync_gap`,`sync_col_val`,`sync_col_name`,`sync_time_type`,`script_path`,`script_file`,`python3_home`,`api_server`,`status`) values (179,'4','合生新天地实时车流[mysql->mysql_bi]','2','sync_mysql_mysql_park_real_213_Bi',44,19,26,'*/3 * * * *','hopsonone_park_bj_wangjing_real_time','tc_record:optdate:10,tc_recordarchive:optdate:10',1000,500,10,'213','market_id','min','/home/hopson/apps/usr/webserver/dba/syncer','mysql2mysql_sync.py','/home/hopson/apps/usr/webserver/dba/python3.6.0','124.127.103.190:65480','1');
insert  into `t_db_sync_config`(`id`,`sync_ywlx`,`comments`,`sync_type`,`sync_tag`,`sour_db_id`,`desc_db_id`,`server_id`,`run_time`,`sync_schema`,`sync_table`,`batch_size`,`batch_size_incr`,`sync_gap`,`sync_col_val`,`sync_col_name`,`sync_time_type`,`script_path`,`script_file`,`python3_home`,`api_server`,`status`) values (180,'1','合生新天地离线客流[mssql->mysql_proj]','1','sync_mysql_mysql_flow_213_proj',46,44,26,'*/3 * * * *','hopsonone_flow_bj_wangjing','dbo.Summary_Day:ModifyTime:3',1000,500,10,'213','market_id','day','/home/hopson/apps/usr/webserver/dba/syncer','mssql2mysql_sync.py','/home/hopson/apps/usr/webserver/dba/python3.6.0','124.127.103.190:65480','1');
insert  into `t_db_sync_config`(`id`,`sync_ywlx`,`comments`,`sync_type`,`sync_tag`,`sour_db_id`,`desc_db_id`,`server_id`,`run_time`,`sync_schema`,`sync_table`,`batch_size`,`batch_size_incr`,`sync_gap`,`sync_col_val`,`sync_col_name`,`sync_time_type`,`script_path`,`script_file`,`python3_home`,`api_server`,`status`) values (181,'1','合生新天地离线客流[mysql->mysql_bi]','2','sync_mysql_mysql_flow_213_Bi',44,19,26,'*/3 * * * *','hopsonone_flow_bj_wangjing','dbo_summary_day:modifytime:3',1000,500,10,'213','market_id','day','/home/hopson/apps/usr/webserver/dba/syncer','mysql2mysql_sync.py','/home/hopson/apps/usr/webserver/dba/python3.6.0','124.127.103.190:65480','1');
insert  into `t_db_sync_config`(`id`,`sync_ywlx`,`comments`,`sync_type`,`sync_tag`,`sour_db_id`,`desc_db_id`,`server_id`,`run_time`,`sync_schema`,`sync_table`,`batch_size`,`batch_size_incr`,`sync_gap`,`sync_col_val`,`sync_col_name`,`sync_time_type`,`script_path`,`script_file`,`python3_home`,`api_server`,`status`) values (182,'2','合生新天地实时客流[mssql->mysql_proj]','1','sync_mysql_mysql_flow_real_213_proj',46,44,26,'*/3 * * * *','hopsonone_flow_bj_wangjing_real_time','dbo.Summary_Thirty:ModifyTime:1',1000,500,10,'213','market_id','min','/home/hopson/apps/usr/webserver/dba/syncer','mssql2mysql_sync.py','/home/hopson/apps/usr/webserver/dba/python3.6.0','124.127.103.190:65480','1');
insert  into `t_db_sync_config`(`id`,`sync_ywlx`,`comments`,`sync_type`,`sync_tag`,`sour_db_id`,`desc_db_id`,`server_id`,`run_time`,`sync_schema`,`sync_table`,`batch_size`,`batch_size_incr`,`sync_gap`,`sync_col_val`,`sync_col_name`,`sync_time_type`,`script_path`,`script_file`,`python3_home`,`api_server`,`status`) values (183,'2','合生新天地实时客流[mysql->mysql_bi]','2','sync_mysql_mysql_flow_real_213_Bi',44,19,26,'*/3 * * * *','hopsonone_flow_bj_wangjing_real_time','dbo_summary_thirty:modifytime:1',1000,500,10,'213','market_id','min','/home/hopson/apps/usr/webserver/dba/syncer','mysql2mysql_sync.py','/home/hopson/apps/usr/webserver/dba/python3.6.0','124.127.103.190:65480','1');
insert  into `t_db_sync_config`(`id`,`sync_ywlx`,`comments`,`sync_type`,`sync_tag`,`sour_db_id`,`desc_db_id`,`server_id`,`run_time`,`sync_schema`,`sync_table`,`batch_size`,`batch_size_incr`,`sync_gap`,`sync_col_val`,`sync_col_name`,`sync_time_type`,`script_path`,`script_file`,`python3_home`,`api_server`,`status`) values (184,'5','合生新天地客流设备[mysql->mysql_bi]','1','sync_mssql_mysql_flow_real_device_213_Bi',46,19,26,'*/3 * * * *','hopsonone_flow_bj_wangjing','dbo.Traffic_Sites::,dbo.System_Devices::,dbo.System_Channels::,dbo.Traffic_Cameras::,dbo.Traffic_CamerasInSites::',1000,500,10,'213','market_id','day','/home/hopson/apps/usr/webserver/dba/syncer','mssql2mysql_sync.py','/home/hopson/apps/usr/webserver/dba/python3.6.0','124.127.103.190:65480','1');
insert  into `t_db_sync_config`(`id`,`sync_ywlx`,`comments`,`sync_type`,`sync_tag`,`sour_db_id`,`desc_db_id`,`server_id`,`run_time`,`sync_schema`,`sync_table`,`batch_size`,`batch_size_incr`,`sync_gap`,`sync_col_val`,`sync_col_name`,`sync_time_type`,`script_path`,`script_file`,`python3_home`,`api_server`,`status`) values (185,'5','合生新天地客流设备[mysql->mysql_biz]','1','sync_mssql_mysql_flow_real_device_213_biz',46,16,26,'*/3 * * * *','hopsonone_ipva_flow_wangjing','dbo.Traffic_Sites::,dbo.System_Devices::,dbo.System_Channels::,dbo.Traffic_Cameras::,dbo.Traffic_CamerasInSites::',1000,500,10,'213','market_id','day','/home/hopson/apps/usr/webserver/dba/syncer','mssql2mysql_sync.py','/home/hopson/apps/usr/webserver/dba/python3.6.0','124.127.103.190:65480','1');
insert  into `t_db_sync_config`(`id`,`sync_ywlx`,`comments`,`sync_type`,`sync_tag`,`sour_db_id`,`desc_db_id`,`server_id`,`run_time`,`sync_schema`,`sync_table`,`batch_size`,`batch_size_incr`,`sync_gap`,`sync_col_val`,`sync_col_name`,`sync_time_type`,`script_path`,`script_file`,`python3_home`,`api_server`,`status`) values (186,'3','北京合生财富广场离线车流[mssql->mysql_proj]','1','sync_mssql_mysql_park_141_proj',50,52,30,'*/15 * * * *','hopsonone_park_bj_fortune','tc.record:optdate:1,tc.recordarchive:optdate:1',1000,500,10,'141','market_id','day','/home/hopson/apps/usr/webserver/dba/syncer','mssql2mysql_sync.py','/home/hopson/apps/usr/webserver/python3.6.0','124.127.103.190:65480','1');
insert  into `t_db_sync_config`(`id`,`sync_ywlx`,`comments`,`sync_type`,`sync_tag`,`sour_db_id`,`desc_db_id`,`server_id`,`run_time`,`sync_schema`,`sync_table`,`batch_size`,`batch_size_incr`,`sync_gap`,`sync_col_val`,`sync_col_name`,`sync_time_type`,`script_path`,`script_file`,`python3_home`,`api_server`,`status`) values (187,'3','北京合生财富广场离线车流[mysql_proj->mysql_stage]','2','sync_mysql_mysql_park_141_stage',52,49,30,'*/15 * * * *','hopsonone_park_bj_fortune','tc_record:optdate:1,tc_recordarchive:optdate:1',1000,500,10,'141','market_id','day','/home/hopson/apps/usr/webserver/dba/syncer','mysql2mysql_sync.py','/home/hopson/apps/usr/webserver/python3.6.0','124.127.103.190:65480','1');
insert  into `t_db_sync_config`(`id`,`sync_ywlx`,`comments`,`sync_type`,`sync_tag`,`sour_db_id`,`desc_db_id`,`server_id`,`run_time`,`sync_schema`,`sync_table`,`batch_size`,`batch_size_incr`,`sync_gap`,`sync_col_val`,`sync_col_name`,`sync_time_type`,`script_path`,`script_file`,`python3_home`,`api_server`,`status`) values (188,'3','北京合生财富广场离线车流[mysql_stage->mysql_bi]','2','sync_mysql_mysql_park_141_Bi',53,54,31,'*/15 * * * *','hopsonone_park_bj_fortune','tc_record:optdate:1,tc_recordarchive:optdate:1',1000,500,10,'141','market_id','day','/home/hopson/apps/usr/webserver/dba/syncer','mysql2mysql_sync.py','/home/hopson/apps/usr/webserver/python3.6.0','124.127.103.190:65480','1');
insert  into `t_db_sync_config`(`id`,`sync_ywlx`,`comments`,`sync_type`,`sync_tag`,`sour_db_id`,`desc_db_id`,`server_id`,`run_time`,`sync_schema`,`sync_table`,`batch_size`,`batch_size_incr`,`sync_gap`,`sync_col_val`,`sync_col_name`,`sync_time_type`,`script_path`,`script_file`,`python3_home`,`api_server`,`status`) values (189,'4','北京合生财富广场实时车流[mssql->mysql_proj]','1','sync_mssql_mysql_park_real_141_proj',50,52,30,'*/3 * * * *','hopsonone_park_bj_fortune_real_time','tc.record:optdate:10,tc.recordarchive:optdate:10',1000,500,10,'141','market_id','min','/home/hopson/apps/usr/webserver/dba/syncer','mssql2mysql_sync.py','/home/hopson/apps/usr/webserver/python3.6.0','124.127.103.190:65480','1');
insert  into `t_db_sync_config`(`id`,`sync_ywlx`,`comments`,`sync_type`,`sync_tag`,`sour_db_id`,`desc_db_id`,`server_id`,`run_time`,`sync_schema`,`sync_table`,`batch_size`,`batch_size_incr`,`sync_gap`,`sync_col_val`,`sync_col_name`,`sync_time_type`,`script_path`,`script_file`,`python3_home`,`api_server`,`status`) values (190,'4','北京合生财富广场实时车流[mysql_proj->mysql_stage]','2','sync_mysql_mysql_park_real_141_stage',52,49,30,'*/3 * * * *','hopsonone_park_bj_fortune_real_time','tc_record:optdate:10,tc_recordarchive:optdate:10',1000,500,10,'141','market_id','min','/home/hopson/apps/usr/webserver/dba/syncer','mysql2mysql_sync.py','/home/hopson/apps/usr/webserver/python3.6.0','124.127.103.190:65480','1');
insert  into `t_db_sync_config`(`id`,`sync_ywlx`,`comments`,`sync_type`,`sync_tag`,`sour_db_id`,`desc_db_id`,`server_id`,`run_time`,`sync_schema`,`sync_table`,`batch_size`,`batch_size_incr`,`sync_gap`,`sync_col_val`,`sync_col_name`,`sync_time_type`,`script_path`,`script_file`,`python3_home`,`api_server`,`status`) values (191,'4','北京合生财富广场实时车流[mysql_stage->mysql_bi]','2','sync_mysql_mysql_park_real_141_Bi',53,54,31,'*/3 * * * *','hopsonone_park_bj_fortune_real_time','tc_record:optdate:10,tc_recordarchive:optdate:10',1000,500,10,'141','market_id','min','/home/hopson/apps/usr/webserver/dba/syncer','mysql2mysql_sync.py','/home/hopson/apps/usr/webserver/python3.6.0','124.127.103.190:65480','1');
insert  into `t_db_sync_config`(`id`,`sync_ywlx`,`comments`,`sync_type`,`sync_tag`,`sour_db_id`,`desc_db_id`,`server_id`,`run_time`,`sync_schema`,`sync_table`,`batch_size`,`batch_size_incr`,`sync_gap`,`sync_col_val`,`sync_col_name`,`sync_time_type`,`script_path`,`script_file`,`python3_home`,`api_server`,`status`) values (192,'3','广州珠江投资大厦离线车流[mssql->mysql_proj]','1','sync_mssql_mysql_park_145_proj',57,56,29,'*/15 * * * *','hopsonone_park_gz_touzi','tc.record:optdate:1,tc.recordarchive:optdate:1',1000,500,10,'145','market_id','day','/home/hopson/apps/usr/webserver/dba/syncer','mssql2mysql_sync.py','/home/hopson/apps/usr/webserver/python3.6.0','10.2.39.18','1');
insert  into `t_db_sync_config`(`id`,`sync_ywlx`,`comments`,`sync_type`,`sync_tag`,`sour_db_id`,`desc_db_id`,`server_id`,`run_time`,`sync_schema`,`sync_table`,`batch_size`,`batch_size_incr`,`sync_gap`,`sync_col_val`,`sync_col_name`,`sync_time_type`,`script_path`,`script_file`,`python3_home`,`api_server`,`status`) values (193,'3','广州珠江投资大厦离线车流[mysql_proj->mysql_stage]','2','sync_mysql_mysql_park_145_stage',56,49,29,'*/15 * * * *','hopsonone_park_gz_touzi','tc_record:optdate:1,tc_recordarchive:optdate:1',1000,500,10,'145','market_id','day','/home/hopson/apps/usr/webserver/dba/syncer','mysql2mysql_sync.py','/home/hopson/apps/usr/webserver/python3.6.0','10.2.39.18','1');
insert  into `t_db_sync_config`(`id`,`sync_ywlx`,`comments`,`sync_type`,`sync_tag`,`sour_db_id`,`desc_db_id`,`server_id`,`run_time`,`sync_schema`,`sync_table`,`batch_size`,`batch_size_incr`,`sync_gap`,`sync_col_val`,`sync_col_name`,`sync_time_type`,`script_path`,`script_file`,`python3_home`,`api_server`,`status`) values (194,'3','广州珠江投资大厦离线车流[mysql_stage->mysql_bi]','2','sync_mysql_mysql_park_145_Bi',53,54,31,'*/15 * * * *','hopsonone_park_gz_touzi','tc_record:optdate:1,tc_recordarchive:optdate:1',1000,500,10,'145','market_id','day','/home/hopson/apps/usr/webserver/dba/syncer','mysql2mysql_sync.py','/home/hopson/apps/usr/webserver/python3.6.0','124.127.103.190:65480','1');
insert  into `t_db_sync_config`(`id`,`sync_ywlx`,`comments`,`sync_type`,`sync_tag`,`sour_db_id`,`desc_db_id`,`server_id`,`run_time`,`sync_schema`,`sync_table`,`batch_size`,`batch_size_incr`,`sync_gap`,`sync_col_val`,`sync_col_name`,`sync_time_type`,`script_path`,`script_file`,`python3_home`,`api_server`,`status`) values (195,'4','广州珠江投资大厦实时车流[mssql->mysql_proj]','1','sync_mssql_mysql_park_real_145_proj',57,56,29,'*/3 * * * *','hopsonone_park_gz_touzi_real_time','tc.record:optdate:10,tc.recordarchive:optdate:10',1000,500,10,'145','market_id','min','/home/hopson/apps/usr/webserver/dba/syncer','mssql2mysql_sync.py','/home/hopson/apps/usr/webserver/python3.6.0','10.2.39.18','1');
insert  into `t_db_sync_config`(`id`,`sync_ywlx`,`comments`,`sync_type`,`sync_tag`,`sour_db_id`,`desc_db_id`,`server_id`,`run_time`,`sync_schema`,`sync_table`,`batch_size`,`batch_size_incr`,`sync_gap`,`sync_col_val`,`sync_col_name`,`sync_time_type`,`script_path`,`script_file`,`python3_home`,`api_server`,`status`) values (196,'4','广州珠江投资大厦实时车流[mysql_proj->mysql_stage]','2','sync_mysql_mysql_park_real_145_stage',56,49,29,'*/3 * * * *','hopsonone_park_gz_touzi_real_time','tc_record:optdate:10,tc_recordarchive:optdate:10',1000,500,10,'145','market_id','min','/home/hopson/apps/usr/webserver/dba/syncer','mysql2mysql_sync.py','/home/hopson/apps/usr/webserver/python3.6.0','10.2.39.18','1');
insert  into `t_db_sync_config`(`id`,`sync_ywlx`,`comments`,`sync_type`,`sync_tag`,`sour_db_id`,`desc_db_id`,`server_id`,`run_time`,`sync_schema`,`sync_table`,`batch_size`,`batch_size_incr`,`sync_gap`,`sync_col_val`,`sync_col_name`,`sync_time_type`,`script_path`,`script_file`,`python3_home`,`api_server`,`status`) values (197,'4','广州珠江投资大厦实时车流[mysql_stage->mysql_bi]','2','sync_mysql_mysql_park_real_145_Bi',53,54,31,'*/3 * * * *','hopsonone_park_gz_touzi_real_time','tc_record:optdate:10,tc_recordarchive:optdate:10',1000,500,10,'145','market_id','min','/home/hopson/apps/usr/webserver/dba/syncer','mysql2mysql_sync.py','/home/hopson/apps/usr/webserver/python3.6.0','124.127.103.190:65480','1');
insert  into `t_db_sync_config`(`id`,`sync_ywlx`,`comments`,`sync_type`,`sync_tag`,`sour_db_id`,`desc_db_id`,`server_id`,`run_time`,`sync_schema`,`sync_table`,`batch_size`,`batch_size_incr`,`sync_gap`,`sync_col_val`,`sync_col_name`,`sync_time_type`,`script_path`,`script_file`,`python3_home`,`api_server`,`status`) values (198,'3','广州合生骏景广场离线车流[mssql->mysql_proj]','1','sync_mssql_mysql_park_150_proj',59,58,23,'*/15 * * * *','hopsonone_park_gz_junjing','tc.record:optdate:1,tc.recordarchive:optdate:1',1000,500,10,'150','market_id','day','/home/hopson/apps/usr/webserver/dba/syncer','mssql2mysql_sync.py','/home/hopson/apps/usr/webserver/python3.6.0','10.2.39.18','1');
insert  into `t_db_sync_config`(`id`,`sync_ywlx`,`comments`,`sync_type`,`sync_tag`,`sour_db_id`,`desc_db_id`,`server_id`,`run_time`,`sync_schema`,`sync_table`,`batch_size`,`batch_size_incr`,`sync_gap`,`sync_col_val`,`sync_col_name`,`sync_time_type`,`script_path`,`script_file`,`python3_home`,`api_server`,`status`) values (199,'3','广州合生骏景广场离线车流[mysql_proj->mysql_stage]','2','sync_mysql_mysql_park_150_stage',58,49,23,'*/15 * * * *','hopsonone_park_gz_junjing','tc_record:optdate:1,tc_recordarchive:optdate:1',1000,500,10,'150','market_id','day','/home/hopson/apps/usr/webserver/dba/syncer','mysql2mysql_sync.py','/home/hopson/apps/usr/webserver/python3.6.0','10.2.39.18','1');
insert  into `t_db_sync_config`(`id`,`sync_ywlx`,`comments`,`sync_type`,`sync_tag`,`sour_db_id`,`desc_db_id`,`server_id`,`run_time`,`sync_schema`,`sync_table`,`batch_size`,`batch_size_incr`,`sync_gap`,`sync_col_val`,`sync_col_name`,`sync_time_type`,`script_path`,`script_file`,`python3_home`,`api_server`,`status`) values (200,'3','广州合生骏景广场离线车流[mysql_stage->mysql_bi]','2','sync_mysql_mysql_park_150_bi',53,54,31,'*/15 * * * *','hopsonone_park_gz_junjing','tc_record:optdate:1,tc_recordarchive:optdate:1',1000,500,10,'150','market_id','day','/home/hopson/apps/usr/webserver/dba/syncer','mysql2mysql_sync.py','/home/hopson/apps/usr/webserver/python3.6.0','124.127.103.190:65480','1');
insert  into `t_db_sync_config`(`id`,`sync_ywlx`,`comments`,`sync_type`,`sync_tag`,`sour_db_id`,`desc_db_id`,`server_id`,`run_time`,`sync_schema`,`sync_table`,`batch_size`,`batch_size_incr`,`sync_gap`,`sync_col_val`,`sync_col_name`,`sync_time_type`,`script_path`,`script_file`,`python3_home`,`api_server`,`status`) values (201,'4','广州合生骏景广场实时车流[mssql->mysql_proj]','1','sync_mssql_mysql_park_real_150_proj',59,58,23,'*/3 * * * *','hopsonone_park_gz_junjing_real_time','tc.record:optdate:10,tc.recordarchive:optdate:10,dbo.userwork:optdate:10',1000,500,10,'150','market_id','min','/home/hopson/apps/usr/webserver/dba/syncer','mssql2mysql_sync.py','/home/hopson/apps/usr/webserver/python3.6.0','10.2.39.18','1');
insert  into `t_db_sync_config`(`id`,`sync_ywlx`,`comments`,`sync_type`,`sync_tag`,`sour_db_id`,`desc_db_id`,`server_id`,`run_time`,`sync_schema`,`sync_table`,`batch_size`,`batch_size_incr`,`sync_gap`,`sync_col_val`,`sync_col_name`,`sync_time_type`,`script_path`,`script_file`,`python3_home`,`api_server`,`status`) values (202,'4','广州合生骏景广场实时车流[mysql_proj->mysql_stage]','2','sync_mysql_mysql_park_real_150_stage',58,49,23,'*/3 * * * *','hopsonone_park_gz_junjing_real_time','tc_record:optdate:10,tc_recordarchive:optdate:10',1000,500,10,'150','market_id','min','/home/hopson/apps/usr/webserver/dba/syncer','mysql2mysql_sync.py','/home/hopson/apps/usr/webserver/python3.6.0','10.2.39.18','1');
insert  into `t_db_sync_config`(`id`,`sync_ywlx`,`comments`,`sync_type`,`sync_tag`,`sour_db_id`,`desc_db_id`,`server_id`,`run_time`,`sync_schema`,`sync_table`,`batch_size`,`batch_size_incr`,`sync_gap`,`sync_col_val`,`sync_col_name`,`sync_time_type`,`script_path`,`script_file`,`python3_home`,`api_server`,`status`) values (203,'4','广州合生骏景广场实时车流[mysql_stage->mysql_bi]','2','sync_mysql_mysql_park_real_150_Bi',53,54,31,'*/3 * * * *','hopsonone_park_gz_junjing_real_time','tc_record:optdate:10,tc_recordarchive:optdate:10',1000,500,10,'150','market_id','min','/home/hopson/apps/usr/webserver/dba/syncer','mysql2mysql_sync.py','/home/hopson/apps/usr/webserver/python3.6.0','124.127.103.190:65480','1');
insert  into `t_db_sync_config`(`id`,`sync_ywlx`,`comments`,`sync_type`,`sync_tag`,`sour_db_id`,`desc_db_id`,`server_id`,`run_time`,`sync_schema`,`sync_table`,`batch_size`,`batch_size_incr`,`sync_gap`,`sync_col_val`,`sync_col_name`,`sync_time_type`,`script_path`,`script_file`,`python3_home`,`api_server`,`status`) values (204,'7','广州合生骏景广场收费员结算[mysql_proj->mysql_stage]','2','sync_mysql_mysql_park_charge_150_stage',58,49,23,'*/3 * * * *','hopsonone_park_gz_junjing_real_time','dbo_userwork:optdate:1',1000,500,10,'150','market_id','day','/home/hopson/apps/usr/webserver/dba/syncer','mysql2mysql_sync.py','/home/hopson/apps/usr/webserver/python3.6.0','10.2.39.18','1');
insert  into `t_db_sync_config`(`id`,`sync_ywlx`,`comments`,`sync_type`,`sync_tag`,`sour_db_id`,`desc_db_id`,`server_id`,`run_time`,`sync_schema`,`sync_table`,`batch_size`,`batch_size_incr`,`sync_gap`,`sync_col_val`,`sync_col_name`,`sync_time_type`,`script_path`,`script_file`,`python3_home`,`api_server`,`status`) values (205,'7','广州合生骏景广场收费员结算[mysql_stage->mysql_biz]','2','sync_mysql_mysql_park_charge_150_biz',53,55,31,'*/3 * * * *','hopsonone_park_gz_junjing_real_time','dbo_userwork:optdate:1',1000,500,10,'150','market_id','day','/home/hopson/apps/usr/webserver/dba/syncer','mysql2mysql_sync.py','/home/hopson/apps/usr/webserver/python3.6.0','124.127.103.190:65480','1');
insert  into `t_db_sync_config`(`id`,`sync_ywlx`,`comments`,`sync_type`,`sync_tag`,`sour_db_id`,`desc_db_id`,`server_id`,`run_time`,`sync_schema`,`sync_table`,`batch_size`,`batch_size_incr`,`sync_gap`,`sync_col_val`,`sync_col_name`,`sync_time_type`,`script_path`,`script_file`,`python3_home`,`api_server`,`status`) values (206,'3','广州越华珠江广场离线车流[mssql->mysql_proj]','1','sync_mssql_mysql_park_188_proj',61,60,28,'*/15 * * * *','hopsonone_park_gz_yuehua','tc.record:optdate:1,tc.recordarchive:optdate:1',1000,500,10,'188','market_id','day','/home/hopson/apps/usr/webserver/dba/syncer','mssql2mysql_sync.py','/home/hopson/apps/usr/webserver/python3.6.0','10.2.39.18','0');
insert  into `t_db_sync_config`(`id`,`sync_ywlx`,`comments`,`sync_type`,`sync_tag`,`sour_db_id`,`desc_db_id`,`server_id`,`run_time`,`sync_schema`,`sync_table`,`batch_size`,`batch_size_incr`,`sync_gap`,`sync_col_val`,`sync_col_name`,`sync_time_type`,`script_path`,`script_file`,`python3_home`,`api_server`,`status`) values (207,'3','广州越华珠江广场离线车流[mysql_proj->mysql_stage]','2','sync_mysql_mysql_park_188_stage',60,49,28,'*/15 * * * *','hopsonone_park_gz_yuehua','tc_record:optdate:1,tc_recordarchive:optdate:1',1000,500,10,'188','market_id','day','/home/hopson/apps/usr/webserver/dba/syncer','mysql2mysql_sync.py','/home/hopson/apps/usr/webserver/python3.6.0','10.2.39.18','0');
insert  into `t_db_sync_config`(`id`,`sync_ywlx`,`comments`,`sync_type`,`sync_tag`,`sour_db_id`,`desc_db_id`,`server_id`,`run_time`,`sync_schema`,`sync_table`,`batch_size`,`batch_size_incr`,`sync_gap`,`sync_col_val`,`sync_col_name`,`sync_time_type`,`script_path`,`script_file`,`python3_home`,`api_server`,`status`) values (208,'3','广州越华珠江广场离线车流[mysql_stage->mysql_bi]','2','sync_mysql_mysql_park_188_bi',53,54,31,'*/15 * * * *','hopsonone_park_gz_yuehua','tc_record:optdate:1,tc_recordarchive:optdate:1',1000,500,10,'188','market_id','day','/home/hopson/apps/usr/webserver/dba/syncer','mysql2mysql_sync.py','/home/hopson/apps/usr/webserver/python3.6.0','124.127.103.190:65480','0');
insert  into `t_db_sync_config`(`id`,`sync_ywlx`,`comments`,`sync_type`,`sync_tag`,`sour_db_id`,`desc_db_id`,`server_id`,`run_time`,`sync_schema`,`sync_table`,`batch_size`,`batch_size_incr`,`sync_gap`,`sync_col_val`,`sync_col_name`,`sync_time_type`,`script_path`,`script_file`,`python3_home`,`api_server`,`status`) values (209,'4','广州越华珠江广场实时车流[mssql->mysql_proj]','1','sync_mssql_mysql_park_real_188_proj',61,60,28,'*/3 * * * *','hopsonone_park_gz_yuehua_real_time','tc.record:optdate:10,tc.recordarchive:optdate:10',1000,500,10,'188','market_id','min','/home/hopson/apps/usr/webserver/dba/syncer','mssql2mysql_sync.py','/home/hopson/apps/usr/webserver/python3.6.0','10.2.39.18','0');
insert  into `t_db_sync_config`(`id`,`sync_ywlx`,`comments`,`sync_type`,`sync_tag`,`sour_db_id`,`desc_db_id`,`server_id`,`run_time`,`sync_schema`,`sync_table`,`batch_size`,`batch_size_incr`,`sync_gap`,`sync_col_val`,`sync_col_name`,`sync_time_type`,`script_path`,`script_file`,`python3_home`,`api_server`,`status`) values (210,'4','广州越华珠江广场实时车流[mysql_proj->mysql_stage]','2','sync_mysql_mysql_park_real_188_stage',60,49,28,'*/3 * * * *','hopsonone_park_gz_yuehua_real_time','tc_record:optdate:10,tc_recordarchive:optdate:10',1000,500,10,'188','market_id','min','/home/hopson/apps/usr/webserver/dba/syncer','mysql2mysql_sync.py','/home/hopson/apps/usr/webserver/python3.6.0','10.2.39.18','0');
insert  into `t_db_sync_config`(`id`,`sync_ywlx`,`comments`,`sync_type`,`sync_tag`,`sour_db_id`,`desc_db_id`,`server_id`,`run_time`,`sync_schema`,`sync_table`,`batch_size`,`batch_size_incr`,`sync_gap`,`sync_col_val`,`sync_col_name`,`sync_time_type`,`script_path`,`script_file`,`python3_home`,`api_server`,`status`) values (211,'4','广州越华珠江广场实时车流[mysql_stage->mysql_bi]','2','sync_mysql_mysql_park_real_188_Bi',53,54,31,'*/3 * * * *','hopsonone_park_gz_yuehua_real_time','tc_record:optdate:10,tc_recordarchive:optdate:10',1000,500,10,'188','market_id','min','/home/hopson/apps/usr/webserver/dba/syncer','mysql2mysql_sync.py','/home/hopson/apps/usr/webserver/python3.6.0','124.127.103.190:65480','0');
insert  into `t_db_sync_config`(`id`,`sync_ywlx`,`comments`,`sync_type`,`sync_tag`,`sour_db_id`,`desc_db_id`,`server_id`,`run_time`,`sync_schema`,`sync_table`,`batch_size`,`batch_size_incr`,`sync_gap`,`sync_col_val`,`sync_col_name`,`sync_time_type`,`script_path`,`script_file`,`python3_home`,`api_server`,`status`) values (212,'3','广州南方花园离线车流[mssql->mysql_proj]','1','sync_mssql_mysql_park_194_proj',63,62,27,'*/15 * * * *','hopsonone_park_gz_garden','tc.record:optdate:1,tc.recordarchive:optdate:1',1000,500,10,'194','market_id','day','/home/hopson/apps/usr/webserver/dba/syncer','mssql2mysql_sync.py','/home/hopson/apps/usr/webserver/python3.6.0','10.2.39.18','1');
insert  into `t_db_sync_config`(`id`,`sync_ywlx`,`comments`,`sync_type`,`sync_tag`,`sour_db_id`,`desc_db_id`,`server_id`,`run_time`,`sync_schema`,`sync_table`,`batch_size`,`batch_size_incr`,`sync_gap`,`sync_col_val`,`sync_col_name`,`sync_time_type`,`script_path`,`script_file`,`python3_home`,`api_server`,`status`) values (213,'3','广州南方花园离线车流[mysql_proj->mysql_stage]','2','sync_mysql_mysql_park_194_stage',62,49,27,'*/15 * * * *','hopsonone_park_gz_garden','tc_record:optdate:1,tc_recordarchive:optdate:1',1000,500,10,'194','market_id','day','/home/hopson/apps/usr/webserver/dba/syncer','mysql2mysql_sync.py','/home/hopson/apps/usr/webserver/python3.6.0','10.2.39.18','1');
insert  into `t_db_sync_config`(`id`,`sync_ywlx`,`comments`,`sync_type`,`sync_tag`,`sour_db_id`,`desc_db_id`,`server_id`,`run_time`,`sync_schema`,`sync_table`,`batch_size`,`batch_size_incr`,`sync_gap`,`sync_col_val`,`sync_col_name`,`sync_time_type`,`script_path`,`script_file`,`python3_home`,`api_server`,`status`) values (214,'3','广州南方花园离线车流[mysql_stage->mysql_bi]','2','sync_mysql_mysql_park_194_bi',53,54,31,'*/15 * * * *','hopsonone_park_gz_garden','tc_record:optdate:1,tc_recordarchive:optdate:1',1000,500,10,'194','market_id','day','/home/hopson/apps/usr/webserver/dba/syncer','mysql2mysql_sync.py','/home/hopson/apps/usr/webserver/python3.6.0','124.127.103.190:65480','1');
insert  into `t_db_sync_config`(`id`,`sync_ywlx`,`comments`,`sync_type`,`sync_tag`,`sour_db_id`,`desc_db_id`,`server_id`,`run_time`,`sync_schema`,`sync_table`,`batch_size`,`batch_size_incr`,`sync_gap`,`sync_col_val`,`sync_col_name`,`sync_time_type`,`script_path`,`script_file`,`python3_home`,`api_server`,`status`) values (215,'4','广州南方花园实时车流[mssql->mysql_proj]','1','sync_mssql_mysql_park_real_194_proj',63,62,27,'*/3 * * * *','hopsonone_park_gz_garden_real_time','tc.record:optdate:10,tc.recordarchive:optdate:10',1000,500,10,'194','market_id','min','/home/hopson/apps/usr/webserver/dba/syncer','mssql2mysql_sync.py','/home/hopson/apps/usr/webserver/python3.6.0','10.2.39.18','1');
insert  into `t_db_sync_config`(`id`,`sync_ywlx`,`comments`,`sync_type`,`sync_tag`,`sour_db_id`,`desc_db_id`,`server_id`,`run_time`,`sync_schema`,`sync_table`,`batch_size`,`batch_size_incr`,`sync_gap`,`sync_col_val`,`sync_col_name`,`sync_time_type`,`script_path`,`script_file`,`python3_home`,`api_server`,`status`) values (216,'3','广州南方花园实时车流[mysql_proj->mysql_stage]','2','sync_mysql_mysql_park_real_194_stage',62,49,27,'*/3 * * * *','hopsonone_park_gz_garden_real_time','tc_record:optdate:10,tc_recordarchive:optdate:10',1000,500,10,'194','market_id','min','/home/hopson/apps/usr/webserver/dba/syncer','mysql2mysql_sync.py','/home/hopson/apps/usr/webserver/python3.6.0','10.2.39.18','1');
insert  into `t_db_sync_config`(`id`,`sync_ywlx`,`comments`,`sync_type`,`sync_tag`,`sour_db_id`,`desc_db_id`,`server_id`,`run_time`,`sync_schema`,`sync_table`,`batch_size`,`batch_size_incr`,`sync_gap`,`sync_col_val`,`sync_col_name`,`sync_time_type`,`script_path`,`script_file`,`python3_home`,`api_server`,`status`) values (217,'3','广州南方花园实时车流[mysql_stage->mysql_bi]','2','sync_mysql_mysql_park_real_194_Bi',53,54,31,'*/3 * * * *','hopsonone_park_gz_garden_real_time','tc_record:optdate:10,tc_recordarchive:optdate:10',1000,500,10,'194','market_id','min','/home/hopson/apps/usr/webserver/dba/syncer','mysql2mysql_sync.py','/home/hopson/apps/usr/webserver/python3.6.0','124.127.103.190:65480','1');
insert  into `t_db_sync_config`(`id`,`sync_ywlx`,`comments`,`sync_type`,`sync_tag`,`sour_db_id`,`desc_db_id`,`server_id`,`run_time`,`sync_schema`,`sync_table`,`batch_size`,`batch_size_incr`,`sync_gap`,`sync_col_val`,`sync_col_name`,`sync_time_type`,`script_path`,`script_file`,`python3_home`,`api_server`,`status`) values (218,'3','广州珠江国际纺织城离线车流[mssql->mysql_proj]','1','sync_mssql_mysql_park_20229_proj',64,65,25,'*/15 * * * *','hopsonone_park_gz_fangzhi','tc.record:optdate:1,tc.recordarchive:optdate:1',1000,500,10,'20229','market_id','day','/home/hopson/apps/usr/webserver/dba/syncer','mssql2mysql_sync.py','/home/hopson/apps/usr/webserver/python3.6.0','124.127.103.190:65480','1');
insert  into `t_db_sync_config`(`id`,`sync_ywlx`,`comments`,`sync_type`,`sync_tag`,`sour_db_id`,`desc_db_id`,`server_id`,`run_time`,`sync_schema`,`sync_table`,`batch_size`,`batch_size_incr`,`sync_gap`,`sync_col_val`,`sync_col_name`,`sync_time_type`,`script_path`,`script_file`,`python3_home`,`api_server`,`status`) values (219,'3','广州珠江国际纺织城离线车流[mysql_stage->mysql_bi]','2','sync_mysql_mysql_park_20229_Bi',65,19,25,'*/15 * * * *','hopsonone_park_gz_fangzhi','tc_record:optdate:1,tc_recordarchive:optdate:1',1000,500,10,'20229','market_id','day','/home/hopson/apps/usr/webserver/dba/syncer','mysql2mysql_sync.py','/home/hopson/apps/usr/webserver/python3.6.0','124.127.103.190:65480','1');
insert  into `t_db_sync_config`(`id`,`sync_ywlx`,`comments`,`sync_type`,`sync_tag`,`sour_db_id`,`desc_db_id`,`server_id`,`run_time`,`sync_schema`,`sync_table`,`batch_size`,`batch_size_incr`,`sync_gap`,`sync_col_val`,`sync_col_name`,`sync_time_type`,`script_path`,`script_file`,`python3_home`,`api_server`,`status`) values (220,'4','广州珠江国际纺织城实时车流[mssql->mysql_proj]','1','sync_mssql_mysql_park_real_20229_proj',64,65,25,'*/3 * * * *','hopsonone_park_gz_fangzhi_real_time','tc.record:optdate:10,tc.recordarchive:optdate:10',1000,500,10,'20229','market_id','min','/home/hopson/apps/usr/webserver/dba/syncer','mssql2mysql_sync.py','/home/hopson/apps/usr/webserver/python3.6.0','124.127.103.190:65480','1');
insert  into `t_db_sync_config`(`id`,`sync_ywlx`,`comments`,`sync_type`,`sync_tag`,`sour_db_id`,`desc_db_id`,`server_id`,`run_time`,`sync_schema`,`sync_table`,`batch_size`,`batch_size_incr`,`sync_gap`,`sync_col_val`,`sync_col_name`,`sync_time_type`,`script_path`,`script_file`,`python3_home`,`api_server`,`status`) values (221,'4','广州珠江国际纺织城实时车流[mysql_proj->mysql_bi]','2','sync_mysql_mysql_park_real_20229_Bi',65,19,25,'*/3 * * * *','hopsonone_park_gz_fangzhi_real_time','tc_record:optdate:10,tc_recordarchive:optdate:10',1000,500,10,'20229','market_id','min','/home/hopson/apps/usr/webserver/dba/syncer','mysql2mysql_sync.py','/home/hopson/apps/usr/webserver/python3.6.0','124.127.103.190:65480','1');
insert  into `t_db_sync_config`(`id`,`sync_ywlx`,`comments`,`sync_type`,`sync_tag`,`sour_db_id`,`desc_db_id`,`server_id`,`run_time`,`sync_schema`,`sync_table`,`batch_size`,`batch_size_incr`,`sync_gap`,`sync_col_val`,`sync_col_name`,`sync_time_type`,`script_path`,`script_file`,`python3_home`,`api_server`,`status`) values (222,'5','北京合生广场客流设备[mssql->mysql_biz]','1','sync_mssql_mysql_flow_real_device_164_biz',68,16,34,'*/3 * * * *','hopsonone_ipva_flow_hs_square','dbo.Traffic_Sites::,dbo.System_Devices::,dbo.System_Channels::,dbo.Traffic_Cameras::,dbo.Traffic_CamerasInSites::',1000,500,10,'164','market_id','day','/home/hopson/apps/usr/webserver/dba/syncer','mssql2mysql_sync.py','/home/hopson/apps/usr/webserver/python3.6.0','10.2.39.18','1');
insert  into `t_db_sync_config`(`id`,`sync_ywlx`,`comments`,`sync_type`,`sync_tag`,`sour_db_id`,`desc_db_id`,`server_id`,`run_time`,`sync_schema`,`sync_table`,`batch_size`,`batch_size_incr`,`sync_gap`,`sync_col_val`,`sync_col_name`,`sync_time_type`,`script_path`,`script_file`,`python3_home`,`api_server`,`status`) values (223,'5','北京合生广场客流设备[mssql->mysql_bi]','1','sync_mssql_mysql_flow_real_device_164_Bi',68,19,34,'*/3 * * * *','hopsonone_flow_bj_hs_square','dbo.Traffic_Sites::,dbo.System_Devices::,dbo.System_Channels::,dbo.Traffic_Cameras::,dbo.Traffic_CamerasInSites::',1000,500,10,'164','market_id','day','/home/hopson/apps/usr/webserver/dba/syncer','mssql2mysql_sync.py','/home/hopson/apps/usr/webserver/python3.6.0','10.2.39.18','1');
insert  into `t_db_sync_config`(`id`,`sync_ywlx`,`comments`,`sync_type`,`sync_tag`,`sour_db_id`,`desc_db_id`,`server_id`,`run_time`,`sync_schema`,`sync_table`,`batch_size`,`batch_size_incr`,`sync_gap`,`sync_col_val`,`sync_col_name`,`sync_time_type`,`script_path`,`script_file`,`python3_home`,`api_server`,`status`) values (224,'1','北京合生广场离线客流[mssql->mysql_proj]','1','sync_mssql_mysql_flow_164_proj',68,67,34,'*/5 * * * *','hopsonone_flow_bj_hs_square','dbo.Summary_Day:ModifyTime:3',1000,500,10,'164','market_id','day','/home/hopson/apps/usr/webserver/dba/syncer','mssql2mysql_sync.py','/home/hopson/apps/usr/webserver/python3.6.0','10.2.39.18','1');
insert  into `t_db_sync_config`(`id`,`sync_ywlx`,`comments`,`sync_type`,`sync_tag`,`sour_db_id`,`desc_db_id`,`server_id`,`run_time`,`sync_schema`,`sync_table`,`batch_size`,`batch_size_incr`,`sync_gap`,`sync_col_val`,`sync_col_name`,`sync_time_type`,`script_path`,`script_file`,`python3_home`,`api_server`,`status`) values (225,'1','北京合生广场离线客流[mysql->mysql_bi]','2','sync_mysql_mysql_flow_164_Bi',67,19,34,'*/5 * * * *','hopsonone_flow_bj_hs_square','dbo_summary_day:modifytime:3',1000,500,10,'164','market_id','day','/home/hopson/apps/usr/webserver/dba/syncer','mysql2mysql_sync.py','/home/hopson/apps/usr/webserver/python3.6.0','10.2.39.18','1');
insert  into `t_db_sync_config`(`id`,`sync_ywlx`,`comments`,`sync_type`,`sync_tag`,`sour_db_id`,`desc_db_id`,`server_id`,`run_time`,`sync_schema`,`sync_table`,`batch_size`,`batch_size_incr`,`sync_gap`,`sync_col_val`,`sync_col_name`,`sync_time_type`,`script_path`,`script_file`,`python3_home`,`api_server`,`status`) values (226,'2','北京合生广场实时客流[mssql->mysql_proj]','1','sync_mssql_mysql_flow_real_164_proj',68,67,34,'*/3 * * * *','hopsonone_flow_bj_hs_square_real_time','dbo.Summary_Thirty:ModifyTime:1',1000,500,10,'164','market_id','hour','/home/hopson/apps/usr/webserver/dba/syncer','mssql2mysql_sync.py','/home/hopson/apps/usr/webserver/python3.6.0','10.2.39.18','1');
insert  into `t_db_sync_config`(`id`,`sync_ywlx`,`comments`,`sync_type`,`sync_tag`,`sour_db_id`,`desc_db_id`,`server_id`,`run_time`,`sync_schema`,`sync_table`,`batch_size`,`batch_size_incr`,`sync_gap`,`sync_col_val`,`sync_col_name`,`sync_time_type`,`script_path`,`script_file`,`python3_home`,`api_server`,`status`) values (227,'2','北京合生广场实时客流[mysql->mysql_bi]','2','sync_mysql_mysql_flow_real_164_Bi',67,19,34,'*/3 * * * *','hopsonone_flow_bj_hs_square_real_time','dbo_summary_thirty:modifytime:1',1000,500,10,'164','market_id','hour','/home/hopson/apps/usr/webserver/dba/syncer','mysql2mysql_sync.py','/home/hopson/apps/usr/webserver/python3.6.0','10.2.39.18','1');
insert  into `t_db_sync_config`(`id`,`sync_ywlx`,`comments`,`sync_type`,`sync_tag`,`sour_db_id`,`desc_db_id`,`server_id`,`run_time`,`sync_schema`,`sync_table`,`batch_size`,`batch_size_incr`,`sync_gap`,`sync_col_val`,`sync_col_name`,`sync_time_type`,`script_path`,`script_file`,`python3_home`,`api_server`,`status`) values (228,'8','合生通销售数据同步[mysql_biz->mysql_bi]','2','sync_mysql_mysql_biz_bi_sales',69,54,35,'*/50 * * * *','shop_side_operation','sales_report_details:trade_date:70,sales_report_month:trade_date:70,sales_report_day:trade_date:70,sales_detail_drof:trade_date:70',1000,500,10,'000','market_id','day','/home/hopson/apps/usr/webserver/dba/syncer','mysql2mysql_sync.py','/home/hopson/apps/usr/webserver/python3.6.0','124.127.103.190:65480','1');
insert  into `t_db_sync_config`(`id`,`sync_ywlx`,`comments`,`sync_type`,`sync_tag`,`sour_db_id`,`desc_db_id`,`server_id`,`run_time`,`sync_schema`,`sync_table`,`batch_size`,`batch_size_incr`,`sync_gap`,`sync_col_val`,`sync_col_name`,`sync_time_type`,`script_path`,`script_file`,`python3_home`,`api_server`,`status`) values (229,'9','合生通会员数据同步[mysql_biz->mysql_bi]','2','sync_mysql_mysql_biz_bi_member',69,54,35,'*/30 * * * *','hopsonone_members','members:create_time:1,members_info:update_time:1',1000,500,10,'000','market_id','day','/home/hopson/apps/usr/webserver/dba/syncer','mysql2mysql_sync.py','/home/hopson/apps/usr/webserver/python3.6.0','124.127.103.190:65480','1');
insert  into `t_db_sync_config`(`id`,`sync_ywlx`,`comments`,`sync_type`,`sync_tag`,`sour_db_id`,`desc_db_id`,`server_id`,`run_time`,`sync_schema`,`sync_table`,`batch_size`,`batch_size_incr`,`sync_gap`,`sync_col_val`,`sync_col_name`,`sync_time_type`,`script_path`,`script_file`,`python3_home`,`api_server`,`status`) values (230,'10','合生通CMS数据同步[mysql_biz->mysql_bi]','2','sync_mysql_mysql_biz_bi_cms',69,54,35,'20 0 * * *','hopsonone_cms','sys_dic::',1000,500,10,'000','market_id','day','/home/hopson/apps/usr/webserver/dba/syncer','mysql2mysql_sync.py','/home/hopson/apps/usr/webserver/python3.6.0','124.127.103.190:65480','1');
insert  into `t_db_sync_config`(`id`,`sync_ywlx`,`comments`,`sync_type`,`sync_tag`,`sour_db_id`,`desc_db_id`,`server_id`,`run_time`,`sync_schema`,`sync_table`,`batch_size`,`batch_size_incr`,`sync_gap`,`sync_col_val`,`sync_col_name`,`sync_time_type`,`script_path`,`script_file`,`python3_home`,`api_server`,`status`) values (231,'11','合生通商户数据同步[mysql_biz->mysql_bi]','2','sync_mysql_mysql_biz_bi_business',69,54,35,'20 0 * * *','hopsonone_business','business::,camera_relavance::',1000,500,10,'000','market_id','day','/home/hopson/apps/usr/webserver/dba/syncer','mysql2mysql_sync.py','/home/hopson/apps/usr/webserver/python3.6.0','124.127.103.190:65480','1');
insert  into `t_db_sync_config`(`id`,`sync_ywlx`,`comments`,`sync_type`,`sync_tag`,`sour_db_id`,`desc_db_id`,`server_id`,`run_time`,`sync_schema`,`sync_table`,`batch_size`,`batch_size_incr`,`sync_gap`,`sync_col_val`,`sync_col_name`,`sync_time_type`,`script_path`,`script_file`,`python3_home`,`api_server`,`status`) values (232,'12','合生通卡券数据同步[mysql_biz->mysql_bi]','2','sync_mysql_mysql_biz_bi_coupons_v2',69,54,35,'*/30 * * * *','hopsonone_coupons_v2','coupons_member_relations:update_time:3',1000,500,10,'000','market_id','day','/home/hopson/apps/usr/webserver/dba/syncer','mysql2mysql_sync.py','/home/hopson/apps/usr/webserver/python3.6.0','124.127.103.190:65480','1');
insert  into `t_db_sync_config`(`id`,`sync_ywlx`,`comments`,`sync_type`,`sync_tag`,`sour_db_id`,`desc_db_id`,`server_id`,`run_time`,`sync_schema`,`sync_table`,`batch_size`,`batch_size_incr`,`sync_gap`,`sync_col_val`,`sync_col_name`,`sync_time_type`,`script_path`,`script_file`,`python3_home`,`api_server`,`status`) values (233,'13','合生通订单数据同步[mysql_biz->mysql_bi]','2','sync_mysql_mysql_biz_bi_orders',69,54,35,'*/30 * * * *','hopsonone_park','orders:update_dt:3,platform_log:create_time:3',1000,500,10,'000','market_id','day','/home/hopson/apps/usr/webserver/dba/syncer','mysql2mysql_sync.py','/home/hopson/apps/usr/webserver/python3.6.0','124.127.103.190:65480','1');
insert  into `t_db_sync_config`(`id`,`sync_ywlx`,`comments`,`sync_type`,`sync_tag`,`sour_db_id`,`desc_db_id`,`server_id`,`run_time`,`sync_schema`,`sync_table`,`batch_size`,`batch_size_incr`,`sync_gap`,`sync_col_val`,`sync_col_name`,`sync_time_type`,`script_path`,`script_file`,`python3_home`,`api_server`,`status`) values (234,'14','合生通水单数据同步[mysql_biz->mysql_bi]','2','sync_mysql_mysql_biz_bi_bill',69,54,35,'*/10 * * * *','hopsonone_bill','bill:create_time:1',1000,500,10,'000','market_id','day','/home/hopson/apps/usr/webserver/dba/syncer','mysql2mysql_sync.py','/home/hopson/apps/usr/webserver/python3.6.0','124.127.103.190:65480','1');
insert  into `t_db_sync_config`(`id`,`sync_ywlx`,`comments`,`sync_type`,`sync_tag`,`sour_db_id`,`desc_db_id`,`server_id`,`run_time`,`sync_schema`,`sync_table`,`batch_size`,`batch_size_incr`,`sync_gap`,`sync_col_val`,`sync_col_name`,`sync_time_type`,`script_path`,`script_file`,`python3_home`,`api_server`,`status`) values (235,'3','西安时代广场离线车流[mssql->mysql_proj]','1','sync_mssql_mysql_park_10230_proj',77,76,24,'*/15 * * * *','hopsonone_park_xa_square','tc.record:optdate:1,tc.recordarchive:optdate:1',1000,500,10,'10230','market_id','day','/home/hopson/apps/usr/webserver/dba/syncer','mssql2mysql_sync.py','/home/hopson/apps/usr/webserver/python3.6.0','10.2.39.18','1');
insert  into `t_db_sync_config`(`id`,`sync_ywlx`,`comments`,`sync_type`,`sync_tag`,`sour_db_id`,`desc_db_id`,`server_id`,`run_time`,`sync_schema`,`sync_table`,`batch_size`,`batch_size_incr`,`sync_gap`,`sync_col_val`,`sync_col_name`,`sync_time_type`,`script_path`,`script_file`,`python3_home`,`api_server`,`status`) values (236,'3','西安时代广场离线车流[mysql_proj->mysql_stage]','2','sync_mysql_mysql_park_10230_stage',76,49,24,'*/15 * * * *','hopsonone_park_xa_square','tc_record:optdate:1,tc_recordarchive:optdate:1',1000,500,10,'10230','market_id','day','/home/hopson/apps/usr/webserver/dba/syncer','mysql2mysql_sync.py','/home/hopson/apps/usr/webserver/python3.6.0','10.2.39.18','1');
insert  into `t_db_sync_config`(`id`,`sync_ywlx`,`comments`,`sync_type`,`sync_tag`,`sour_db_id`,`desc_db_id`,`server_id`,`run_time`,`sync_schema`,`sync_table`,`batch_size`,`batch_size_incr`,`sync_gap`,`sync_col_val`,`sync_col_name`,`sync_time_type`,`script_path`,`script_file`,`python3_home`,`api_server`,`status`) values (237,'3','西安时代广场离线车流[mysql_stage->mysql_bi]','2','sync_mysql_mysql_park_10230_Bi',53,54,31,'*/15 * * * *','hopsonone_park_xa_square','tc_record:optdate:1,tc_recordarchive:optdate:1',1000,500,10,'10230','market_id','day','/home/hopson/apps/usr/webserver/dba/syncer','mysql2mysql_sync.py','/home/hopson/apps/usr/webserver/python3.6.0','124.127.103.190:65480','1');
insert  into `t_db_sync_config`(`id`,`sync_ywlx`,`comments`,`sync_type`,`sync_tag`,`sour_db_id`,`desc_db_id`,`server_id`,`run_time`,`sync_schema`,`sync_table`,`batch_size`,`batch_size_incr`,`sync_gap`,`sync_col_val`,`sync_col_name`,`sync_time_type`,`script_path`,`script_file`,`python3_home`,`api_server`,`status`) values (238,'4','西安时代广场实时车流[mssql->mysql_proj]','1','sync_mssql_mysql_park_real_10230_proj',77,76,24,'*/3 * * * *','hopsonone_park_xa_square_real_time','tc.record:optdate:10,tc.recordarchive:optdate:10',1000,500,10,'10230','market_id','min','/home/hopson/apps/usr/webserver/dba/syncer','mssql2mysql_sync.py','/home/hopson/apps/usr/webserver/python3.6.0','10.2.39.18','1');
insert  into `t_db_sync_config`(`id`,`sync_ywlx`,`comments`,`sync_type`,`sync_tag`,`sour_db_id`,`desc_db_id`,`server_id`,`run_time`,`sync_schema`,`sync_table`,`batch_size`,`batch_size_incr`,`sync_gap`,`sync_col_val`,`sync_col_name`,`sync_time_type`,`script_path`,`script_file`,`python3_home`,`api_server`,`status`) values (239,'4','西安时代广场实时车流[mysql_proj->mysql_stage]','2','sync_mysql_mysql_park_real_10230_stage',76,49,24,'*/3 * * * *','hopsonone_park_xa_square_real_time','tc_record:optdate:10,tc_recordarchive:optdate:10',1000,500,10,'10230','market_id','min','/home/hopson/apps/usr/webserver/dba/syncer','mysql2mysql_sync.py','/home/hopson/apps/usr/webserver/python3.6.0','10.2.39.18','1');
insert  into `t_db_sync_config`(`id`,`sync_ywlx`,`comments`,`sync_type`,`sync_tag`,`sour_db_id`,`desc_db_id`,`server_id`,`run_time`,`sync_schema`,`sync_table`,`batch_size`,`batch_size_incr`,`sync_gap`,`sync_col_val`,`sync_col_name`,`sync_time_type`,`script_path`,`script_file`,`python3_home`,`api_server`,`status`) values (240,'4','西安时代广场实时车流[mysql_stage->mysql_bi]','2','sync_mysql_mysql_park_real_10230_Bi',53,54,31,'*/3 * * * *','hopsonone_park_xa_square_real_time','tc_record:optdate:10,tc_recordarchive:optdate:10',1000,500,10,'10230','market_id','min','/home/hopson/apps/usr/webserver/dba/syncer','mysql2mysql_sync.py','/home/hopson/apps/usr/webserver/python3.6.0','124.127.103.190:65480','1');
insert  into `t_db_sync_config`(`id`,`sync_ywlx`,`comments`,`sync_type`,`sync_tag`,`sour_db_id`,`desc_db_id`,`server_id`,`run_time`,`sync_schema`,`sync_table`,`batch_size`,`batch_size_incr`,`sync_gap`,`sync_col_val`,`sync_col_name`,`sync_time_type`,`script_path`,`script_file`,`python3_home`,`api_server`,`status`) values (242,'4','上海五角场实时车流[mysql->mysql->dev]','2','sync_mysql_mysql_park_real_110_dev',19,78,37,'0 */2 * * *','hopsonone_park_sh_real_time','tc_record:optdate:3,tc_recordarchive:optdate:3',1000,500,10,'110','market_id','hour','/home/hopson/apps/usr/webserver/dba/syncer','mysql2mysql_sync.py','/home/hopson/apps/usr/webserver/dba/python3.6.0','10.2.39.18','1');
insert  into `t_db_sync_config`(`id`,`sync_ywlx`,`comments`,`sync_type`,`sync_tag`,`sour_db_id`,`desc_db_id`,`server_id`,`run_time`,`sync_schema`,`sync_table`,`batch_size`,`batch_size_incr`,`sync_gap`,`sync_col_val`,`sync_col_name`,`sync_time_type`,`script_path`,`script_file`,`python3_home`,`api_server`,`status`) values (243,'4','上海五角场实时车流[mysql->mysql->pre]','2','sync_mysql_mysql_park_real_110_pre',54,85,31,'*/15 * * * *','hopsonone_park_sh_real_time','tc_record:optdate:10,tc_recordarchive:optdate:10,qx_userex::,mc_device::',1000,500,10,'110','market_id','min','/home/hopson/apps/usr/webserver/dba/syncer','mysql2mysql_sync.py','/home/hopson/apps/usr/webserver/python3.6.0','124.127.103.190:65480','1');
insert  into `t_db_sync_config`(`id`,`sync_ywlx`,`comments`,`sync_type`,`sync_tag`,`sour_db_id`,`desc_db_id`,`server_id`,`run_time`,`sync_schema`,`sync_table`,`batch_size`,`batch_size_incr`,`sync_gap`,`sync_col_val`,`sync_col_name`,`sync_time_type`,`script_path`,`script_file`,`python3_home`,`api_server`,`status`) values (244,'13','合生通订单数据同步[mysql_biz_slave->mysql_dev]','2','sync_mysql_mysql_park_orders_dev',69,78,37,'*/3 * * * *','hopsonone_park','orders:update_dt:3',1000,500,10,'110','market_id','min','/home/hopson/apps/usr/webserver/dba/syncer','mysql2mysql_sync.py','/home/hopson/apps/usr/webserver/dba/python3.6.0','10.2.39.18','0');
insert  into `t_db_sync_config`(`id`,`sync_ywlx`,`comments`,`sync_type`,`sync_tag`,`sour_db_id`,`desc_db_id`,`server_id`,`run_time`,`sync_schema`,`sync_table`,`batch_size`,`batch_size_incr`,`sync_gap`,`sync_col_val`,`sync_col_name`,`sync_time_type`,`script_path`,`script_file`,`python3_home`,`api_server`,`status`) values (245,'13','合生通订单数据同步[mysql_biz_slave->mysql_uat]','2','sync_mysql_mysql_park_orders_uat',69,79,37,'*/3 * * * *','hopsonone_park','orders:update_dt:3',1000,500,10,'110','market_id','min','/home/hopson/apps/usr/webserver/dba/syncer','mysql2mysql_sync.py','/home/hopson/apps/usr/webserver/dba/python3.6.0','10.2.39.18','0');
insert  into `t_db_sync_config`(`id`,`sync_ywlx`,`comments`,`sync_type`,`sync_tag`,`sour_db_id`,`desc_db_id`,`server_id`,`run_time`,`sync_schema`,`sync_table`,`batch_size`,`batch_size_incr`,`sync_gap`,`sync_col_val`,`sync_col_name`,`sync_time_type`,`script_path`,`script_file`,`python3_home`,`api_server`,`status`) values (246,'15','好房业务数据同步[mysql_prod->mysql_dev]','2','sync_mysql_mysql_easylife_prod_dev',80,81,37,'0 8 * * *','easylife_bi_analysis','easylife_bd_project_analysis::',1000,500,10,'001','market_id','day','/home/hopson/apps/usr/webserver/dba/syncer','mysql2mysql_sync.py','/home/hopson/apps/usr/webserver/dba/python3.6.0','10.2.39.18','1');
insert  into `t_db_sync_config`(`id`,`sync_ywlx`,`comments`,`sync_type`,`sync_tag`,`sour_db_id`,`desc_db_id`,`server_id`,`run_time`,`sync_schema`,`sync_table`,`batch_size`,`batch_size_incr`,`sync_gap`,`sync_col_val`,`sync_col_name`,`sync_time_type`,`script_path`,`script_file`,`python3_home`,`api_server`,`status`) values (247,'4','成都珠江广场实时车流[mysql->mysql->dev]','2','sync_mysql_mysql_park_real_108_dev',19,78,37,'0 */2 * * *','hopsonone_park_cd_real_time','tc_record:optdate:3,tc_recordarchive:optdate:3',1000,500,10,'108','market_id','day','/home/hopson/apps/usr/webserver/dba/syncer','mysql2mysql_sync.py','/home/hopson/apps/usr/webserver/dba/python3.6.0','10.2.39.18','1');
insert  into `t_db_sync_config`(`id`,`sync_ywlx`,`comments`,`sync_type`,`sync_tag`,`sour_db_id`,`desc_db_id`,`server_id`,`run_time`,`sync_schema`,`sync_table`,`batch_size`,`batch_size_incr`,`sync_gap`,`sync_col_val`,`sync_col_name`,`sync_time_type`,`script_path`,`script_file`,`python3_home`,`api_server`,`status`) values (248,'4','成都珠江广场实时车流[mysql->mysql->pre]','2','sync_mysql_mysql_park_real_108_pre',54,85,31,'*/15 * * * *','hopsonone_park_cd_real_time','tc_record:optdate:10,tc_recordarchive:optdate:10,qx_userex::,mc_device::',1000,500,10,'108','market_id','min','/home/hopson/apps/usr/webserver/dba/syncer','mysql2mysql_sync.py','/home/hopson/apps/usr/webserver/python3.6.0','124.127.103.190:65480','1');
insert  into `t_db_sync_config`(`id`,`sync_ywlx`,`comments`,`sync_type`,`sync_tag`,`sour_db_id`,`desc_db_id`,`server_id`,`run_time`,`sync_schema`,`sync_table`,`batch_size`,`batch_size_incr`,`sync_gap`,`sync_col_val`,`sync_col_name`,`sync_time_type`,`script_path`,`script_file`,`python3_home`,`api_server`,`status`) values (249,'3','上海五角场停车收费员收费口[mysql->mysql->bi]','2','sync_mysql_mysql_park_2_110_Bi',23,19,19,'0 3 * * *','hopsonone_park_sh','qx_userex::,mc_device::',1000,500,10,'110','market_id','day','/home/hopson/apps/usr/webserver/dba/syncer','mysql2mysql_sync.py','/home/hopson/apps/usr/webserver/python3.6.0','10.2.39.18','1');
insert  into `t_db_sync_config`(`id`,`sync_ywlx`,`comments`,`sync_type`,`sync_tag`,`sour_db_id`,`desc_db_id`,`server_id`,`run_time`,`sync_schema`,`sync_table`,`batch_size`,`batch_size_incr`,`sync_gap`,`sync_col_val`,`sync_col_name`,`sync_time_type`,`script_path`,`script_file`,`python3_home`,`api_server`,`status`) values (250,'3','上海五角场停车收费员收费口[mysql->mysql->biz]','2','sync_mysql_mysql_park_2_110_Biz',23,16,19,'0 3 * * *','hopsonone_park_sh','qx_userex::,mc_device::',1000,500,10,'110','market_id','day','/home/hopson/apps/usr/webserver/dba/syncer','mysql2mysql_sync.py','/home/hopson/apps/usr/webserver/python3.6.0','10.2.39.18','0');
insert  into `t_db_sync_config`(`id`,`sync_ywlx`,`comments`,`sync_type`,`sync_tag`,`sour_db_id`,`desc_db_id`,`server_id`,`run_time`,`sync_schema`,`sync_table`,`batch_size`,`batch_size_incr`,`sync_gap`,`sync_col_val`,`sync_col_name`,`sync_time_type`,`script_path`,`script_file`,`python3_home`,`api_server`,`status`) values (251,'3','上海五角场停车收费员收费口[mysql->mysql->dev]','2','sync_mysql_mysql_park_2_real_110_dev',19,78,37,'30 3 * * *','hopsonone_park_sh','qx_userex::,mc_device::',1000,500,10,'110','market_id','day','/home/hopson/apps/usr/webserver/dba/syncer','mysql2mysql_sync.py','/home/hopson/apps/usr/webserver/dba/python3.6.0','10.2.39.18','0');
insert  into `t_db_sync_config`(`id`,`sync_ywlx`,`comments`,`sync_type`,`sync_tag`,`sour_db_id`,`desc_db_id`,`server_id`,`run_time`,`sync_schema`,`sync_table`,`batch_size`,`batch_size_incr`,`sync_gap`,`sync_col_val`,`sync_col_name`,`sync_time_type`,`script_path`,`script_file`,`python3_home`,`api_server`,`status`) values (252,'3','上海五角场停车收费员收费口[mysql->mysql->uat]','2','sync_mysql_mysql_park_2_real_110_uat',19,79,37,'30 3 * * *','hopsonone_park_sh','qx_userex::,mc_device::',1000,500,10,'110','market_id','day','/home/hopson/apps/usr/webserver/dba/syncer','mysql2mysql_sync.py','/home/hopson/apps/usr/webserver/dba/python3.6.0','10.2.39.18','0');
insert  into `t_db_sync_config`(`id`,`sync_ywlx`,`comments`,`sync_type`,`sync_tag`,`sour_db_id`,`desc_db_id`,`server_id`,`run_time`,`sync_schema`,`sync_table`,`batch_size`,`batch_size_incr`,`sync_gap`,`sync_col_val`,`sync_col_name`,`sync_time_type`,`script_path`,`script_file`,`python3_home`,`api_server`,`status`) values (253,'3','成都珠江广场停车收费员收费口[mysql->mysql->bi]','2','sync_mysql_mysql_park_2_108_Bi',34,19,20,'0 3 * * *','hopsonone_park_cd','qx_userex::,mc_device::',1000,500,10,'108','market_id','day','/home/hopson/apps/usr/webserver/dba/syncer','mysql2mysql_sync.py','/home/hopson/apps/usr/webserver/python3.6.0','10.2.39.18','1');
insert  into `t_db_sync_config`(`id`,`sync_ywlx`,`comments`,`sync_type`,`sync_tag`,`sour_db_id`,`desc_db_id`,`server_id`,`run_time`,`sync_schema`,`sync_table`,`batch_size`,`batch_size_incr`,`sync_gap`,`sync_col_val`,`sync_col_name`,`sync_time_type`,`script_path`,`script_file`,`python3_home`,`api_server`,`status`) values (254,'3','成都珠江广场停车收费员收费口[mysql->mysql->biz]','2','sync_mysql_mysql_park_2_108_Biz',34,16,20,'0 3 * * *','hopsonone_park_cd','qx_userex::,mc_device::',1000,500,10,'108','market_id','day','/home/hopson/apps/usr/webserver/dba/syncer','mysql2mysql_sync.py','/home/hopson/apps/usr/webserver/python3.6.0','10.2.39.18','0');
insert  into `t_db_sync_config`(`id`,`sync_ywlx`,`comments`,`sync_type`,`sync_tag`,`sour_db_id`,`desc_db_id`,`server_id`,`run_time`,`sync_schema`,`sync_table`,`batch_size`,`batch_size_incr`,`sync_gap`,`sync_col_val`,`sync_col_name`,`sync_time_type`,`script_path`,`script_file`,`python3_home`,`api_server`,`status`) values (255,'3','成都珠江广场停车收费员收费口[mysql->mysql->dev]','2','sync_mysql_mysql_park_2_real_108_dev',19,78,37,'30 3 * * *','hopsonone_park_cd','qx_userex::,mc_device::',1000,500,10,'108','market_id','day','/home/hopson/apps/usr/webserver/dba/syncer','mysql2mysql_sync.py','/home/hopson/apps/usr/webserver/dba/python3.6.0','10.2.39.18','0');
insert  into `t_db_sync_config`(`id`,`sync_ywlx`,`comments`,`sync_type`,`sync_tag`,`sour_db_id`,`desc_db_id`,`server_id`,`run_time`,`sync_schema`,`sync_table`,`batch_size`,`batch_size_incr`,`sync_gap`,`sync_col_val`,`sync_col_name`,`sync_time_type`,`script_path`,`script_file`,`python3_home`,`api_server`,`status`) values (256,'3','成都珠江广场停车收费员收费口[mysql->mysql->uat]','2','sync_mysql_mysql_park_2_real_108_uat',19,79,37,'30 3 * * *','hopsonone_park_cd','qx_userex::,mc_device::',1000,500,10,'108','market_id','day','/home/hopson/apps/usr/webserver/dba/syncer','mysql2mysql_sync.py','/home/hopson/apps/usr/webserver/dba/python3.6.0','10.2.39.18','0');
insert  into `t_db_sync_config`(`id`,`sync_ywlx`,`comments`,`sync_type`,`sync_tag`,`sour_db_id`,`desc_db_id`,`server_id`,`run_time`,`sync_schema`,`sync_table`,`batch_size`,`batch_size_incr`,`sync_gap`,`sync_col_val`,`sync_col_name`,`sync_time_type`,`script_path`,`script_file`,`python3_home`,`api_server`,`status`) values (257,'13','合生通订单数据同步[mysql_biz->mysql_pre]','2','sync_mysql_mysql_biz_pre_orders',69,85,31,'*/30 * * * *','hopsonone_park','orders:update_dt:3',1000,500,10,'000','market_id','day','/home/hopson/apps/usr/webserver/dba/syncer','mysql2mysql_sync.py','/home/hopson/apps/usr/webserver/python3.6.0','124.127.103.190:65480','1');

/*Data for the table `t_dmlx` */

insert  into `t_dmlx`(`dm`,`mc`) values ('01','部门');
insert  into `t_dmlx`(`dm`,`mc`) values ('02','数据源类型');
insert  into `t_dmlx`(`dm`,`mc`) values ('03','数据库环境');
insert  into `t_dmlx`(`dm`,`mc`) values ('04','性别');
insert  into `t_dmlx`(`dm`,`mc`) values ('05','项目编码');
insert  into `t_dmlx`(`dm`,`mc`) values ('06','服务器类型');
insert  into `t_dmlx`(`dm`,`mc`) values ('07','数据库实例类型');
insert  into `t_dmlx`(`dm`,`mc`) values ('08','同步业务类型');
insert  into `t_dmlx`(`dm`,`mc`) values ('09','同步数据类型');
insert  into `t_dmlx`(`dm`,`mc`) values ('10','同步时间类型');
insert  into `t_dmlx`(`dm`,`mc`) values ('11','数据源类型');
insert  into `t_dmlx`(`dm`,`mc`) values ('12','版本号');
insert  into `t_dmlx`(`dm`,`mc`) values ('13','工单类型');
insert  into `t_dmlx`(`dm`,`mc`) values ('14','测试大类');

/*Data for the table `t_dmmx` */

insert  into `t_dmmx`(`dm`,`dmm`,`dmmc`) values ('01','01','研发部');
insert  into `t_dmmx`(`dm`,`dmm`,`dmmc`) values ('01','02','测试部');
insert  into `t_dmmx`(`dm`,`dmm`,`dmmc`) values ('01','03','项目部');
insert  into `t_dmmx`(`dm`,`dmm`,`dmmc`) values ('01','04','人力部');
insert  into `t_dmmx`(`dm`,`dmm`,`dmmc`) values ('01','05','行政部');
insert  into `t_dmmx`(`dm`,`dmm`,`dmmc`) values ('01','06','运维部');
insert  into `t_dmmx`(`dm`,`dmm`,`dmmc`) values ('02','0','mysql');
insert  into `t_dmmx`(`dm`,`dmm`,`dmmc`) values ('02','1','oracle');
insert  into `t_dmmx`(`dm`,`dmm`,`dmmc`) values ('02','2','mssql');
insert  into `t_dmmx`(`dm`,`dmm`,`dmmc`) values ('02','3','postgresql');
insert  into `t_dmmx`(`dm`,`dmm`,`dmmc`) values ('02','4','elasticsearch');
insert  into `t_dmmx`(`dm`,`dmm`,`dmmc`) values ('02','5','redis');
insert  into `t_dmmx`(`dm`,`dmm`,`dmmc`) values ('02','6','mongodb');
insert  into `t_dmmx`(`dm`,`dmm`,`dmmc`) values ('03','1','生产环境');
insert  into `t_dmmx`(`dm`,`dmm`,`dmmc`) values ('03','2','测试环境');
insert  into `t_dmmx`(`dm`,`dmm`,`dmmc`) values ('03','3','开发环境');
insert  into `t_dmmx`(`dm`,`dmm`,`dmmc`) values ('03','4','预生产环境');
insert  into `t_dmmx`(`dm`,`dmm`,`dmmc`) values ('04','1','男');
insert  into `t_dmmx`(`dm`,`dmm`,`dmmc`) values ('04','2','女');
insert  into `t_dmmx`(`dm`,`dmm`,`dmmc`) values ('05','000','合生通项目');
insert  into `t_dmmx`(`dm`,`dmm`,`dmmc`) values ('05','001','好房项目');
insert  into `t_dmmx`(`dm`,`dmm`,`dmmc`) values ('05','10230','西安时代广场	');
insert  into `t_dmmx`(`dm`,`dmm`,`dmmc`) values ('05','108','成都珠江广场');
insert  into `t_dmmx`(`dm`,`dmm`,`dmmc`) values ('05','110','上海五角场');
insert  into `t_dmmx`(`dm`,`dmm`,`dmmc`) values ('05','132','广州嘉和南项目');
insert  into `t_dmmx`(`dm`,`dmm`,`dmmc`) values ('05','141','北京合生财富广场');
insert  into `t_dmmx`(`dm`,`dmm`,`dmmc`) values ('05','145','广州珠江投资大厦');
insert  into `t_dmmx`(`dm`,`dmm`,`dmmc`) values ('05','150','广州合生骏景广场');
insert  into `t_dmmx`(`dm`,`dmm`,`dmmc`) values ('05','164','北京合生广场');
insert  into `t_dmmx`(`dm`,`dmm`,`dmmc`) values ('05','170','广州嘉和北项目');
insert  into `t_dmmx`(`dm`,`dmm`,`dmmc`) values ('05','188','广州越华珠江广场');
insert  into `t_dmmx`(`dm`,`dmm`,`dmmc`) values ('05','194','广州南方花园	');
insert  into `t_dmmx`(`dm`,`dmm`,`dmmc`) values ('05','20229','广州珠江国际纺织城	');
insert  into `t_dmmx`(`dm`,`dmm`,`dmmc`) values ('05','213','合生新天地');
insert  into `t_dmmx`(`dm`,`dmm`,`dmmc`) values ('05','218','北京朝阳合生汇');
insert  into `t_dmmx`(`dm`,`dmm`,`dmmc`) values ('05','234','上海青浦米格	');
insert  into `t_dmmx`(`dm`,`dmm`,`dmmc`) values ('05','999','阿里云同步中转服务器');
insert  into `t_dmmx`(`dm`,`dmm`,`dmmc`) values ('06','1','备份服务器');
insert  into `t_dmmx`(`dm`,`dmm`,`dmmc`) values ('06','2','同步服务器');
insert  into `t_dmmx`(`dm`,`dmm`,`dmmc`) values ('07','1','ECS');
insert  into `t_dmmx`(`dm`,`dmm`,`dmmc`) values ('07','2','RDS');
insert  into `t_dmmx`(`dm`,`dmm`,`dmmc`) values ('08','1','离线客流');
insert  into `t_dmmx`(`dm`,`dmm`,`dmmc`) values ('08','10','CMS数据');
insert  into `t_dmmx`(`dm`,`dmm`,`dmmc`) values ('08','11','商户数据');
insert  into `t_dmmx`(`dm`,`dmm`,`dmmc`) values ('08','12','卡券数据');
insert  into `t_dmmx`(`dm`,`dmm`,`dmmc`) values ('08','13','订单数据');
insert  into `t_dmmx`(`dm`,`dmm`,`dmmc`) values ('08','14','水单数据');
insert  into `t_dmmx`(`dm`,`dmm`,`dmmc`) values ('08','15','好房业务');
insert  into `t_dmmx`(`dm`,`dmm`,`dmmc`) values ('08','2','实时客流');
insert  into `t_dmmx`(`dm`,`dmm`,`dmmc`) values ('08','3','离线车流');
insert  into `t_dmmx`(`dm`,`dmm`,`dmmc`) values ('08','4','实时车流');
insert  into `t_dmmx`(`dm`,`dmm`,`dmmc`) values ('08','5','客流设备');
insert  into `t_dmmx`(`dm`,`dmm`,`dmmc`) values ('08','6','反向寻车');
insert  into `t_dmmx`(`dm`,`dmm`,`dmmc`) values ('08','7','收费员结算');
insert  into `t_dmmx`(`dm`,`dmm`,`dmmc`) values ('08','8','销售数据');
insert  into `t_dmmx`(`dm`,`dmm`,`dmmc`) values ('08','9','会员数据');
insert  into `t_dmmx`(`dm`,`dmm`,`dmmc`) values ('09','1','mssql->mysql');
insert  into `t_dmmx`(`dm`,`dmm`,`dmmc`) values ('09','2','mysql->mysql');
insert  into `t_dmmx`(`dm`,`dmm`,`dmmc`) values ('09','3','mssql->mssql');
insert  into `t_dmmx`(`dm`,`dmm`,`dmmc`) values ('09','4','mongo->mongo');
insert  into `t_dmmx`(`dm`,`dmm`,`dmmc`) values ('10','day','天');
insert  into `t_dmmx`(`dm`,`dmm`,`dmmc`) values ('10','hour','小时');
insert  into `t_dmmx`(`dm`,`dmm`,`dmmc`) values ('10','min','分');
insert  into `t_dmmx`(`dm`,`dmm`,`dmmc`) values ('11','1','备份数据源');
insert  into `t_dmmx`(`dm`,`dmm`,`dmmc`) values ('11','2','同步数据源');
insert  into `t_dmmx`(`dm`,`dmm`,`dmmc`) values ('12','1','V3.7.5');
insert  into `t_dmmx`(`dm`,`dmm`,`dmmc`) values ('12','2','V3.7.6');
insert  into `t_dmmx`(`dm`,`dmm`,`dmmc`) values ('13','1','DDL工单');
insert  into `t_dmmx`(`dm`,`dmm`,`dmmc`) values ('13','2','DML工单');

/*Data for the table `t_forget_password` */

insert  into `t_forget_password`(`id`,`user_id`,`authentication_string`,`flag`,`creation_date`,`creator`,`last_update_date`,`updator`) values (1,23,'CF3vHicojCR179mejC4X6K237D3TRr77aD5KxbKwf2eoy5k5gWKPJ61mBkxh92D5','valid','2019-03-18 00:00:00','DBA',NULL,NULL);
insert  into `t_forget_password`(`id`,`user_id`,`authentication_string`,`flag`,`creation_date`,`creator`,`last_update_date`,`updator`) values (2,23,'yN5YQ291P6VsW08IOGcAOIX8KRz5cS5jkLt0ZN0iW0249A82JE9tZJqtNkt4t8je','valid','2019-03-18 00:00:00','DBA',NULL,NULL);
insert  into `t_forget_password`(`id`,`user_id`,`authentication_string`,`flag`,`creation_date`,`creator`,`last_update_date`,`updator`) values (3,23,'WPm4srPgaaPU6fB4DdCLSo2GdhTIkS5IysHET4d63N53Furc0oU2xyLtnfo7ODYf','valid','2019-03-18 00:00:00','DBA',NULL,NULL);
insert  into `t_forget_password`(`id`,`user_id`,`authentication_string`,`flag`,`creation_date`,`creator`,`last_update_date`,`updator`) values (4,23,'OZ7Ehln1mhbu8wZtcCVN5GhxuxZj1n8SdLcN817u19642HJx1dBbMPPGP4kaZQL8','valid','2019-03-19 00:00:00','DBA',NULL,NULL);
insert  into `t_forget_password`(`id`,`user_id`,`authentication_string`,`flag`,`creation_date`,`creator`,`last_update_date`,`updator`) values (5,25,'RMA1EJi2enQeOT4Moo2iBeFreIKGU1chaxf7aCV6N1gH6g55wrav4GnVfwd7T3Ak','valid','2019-03-20 00:00:00','DBA',NULL,NULL);
insert  into `t_forget_password`(`id`,`user_id`,`authentication_string`,`flag`,`creation_date`,`creator`,`last_update_date`,`updator`) values (6,23,'PZWsu6KRJsecUWC0vi2MRM55h6qoyvKN3ujnWaMnk494K65v76I9Y920i07SoUkV','valid','2019-03-20 00:00:00','DBA',NULL,NULL);
insert  into `t_forget_password`(`id`,`user_id`,`authentication_string`,`flag`,`creation_date`,`creator`,`last_update_date`,`updator`) values (7,23,'nED7XVAwa38NkI1yZX2M6Lka99urIGlrV3fDdH2nSx8mBmD6GCKVr12xvV6C8sM7','valid','2019-03-21 00:00:00','DBA',NULL,NULL);
insert  into `t_forget_password`(`id`,`user_id`,`authentication_string`,`flag`,`creation_date`,`creator`,`last_update_date`,`updator`) values (8,23,'pUSbc6K0C2Fh2b37jh9an6A2S4oyM0g4HpH8CA6st8Ae86B5w5r09xhcVT32SY0F','valid','2019-03-21 00:00:00','DBA',NULL,NULL);
insert  into `t_forget_password`(`id`,`user_id`,`authentication_string`,`flag`,`creation_date`,`creator`,`last_update_date`,`updator`) values (9,25,'zjWRLI1XWm84CKxc8e94J2U36Mo236bW12Fg6KlzZt81Zzd2Mg5YWtS9wyEQjoDt','valid','2019-07-01 00:00:00','DBA',NULL,NULL);

/*Data for the table `t_role` */

insert  into `t_role`(`id`,`name`,`status`,`creation_date`,`creator`,`last_update_date`,`updator`) values (4,'系统管理员','1','2018-06-30','DBA','2019-12-12','DBA');
insert  into `t_role`(`id`,`name`,`status`,`creation_date`,`creator`,`last_update_date`,`updator`) values (5,'数据库管理员','1','2018-07-08','DBA','2019-12-26','DBA');
insert  into `t_role`(`id`,`name`,`status`,`creation_date`,`creator`,`last_update_date`,`updator`) values (6,'开发人员','1','2018-08-29','DBA','2018-09-20','DBA');

/*Data for the table `t_role_privs` */

insert  into `t_role_privs`(`role_id`,`priv_id`,`creation_date`,`creator`,`last_update_date`,`updator`) values (6,'00101','2018-09-20','DBA','2018-09-20','DBA');
insert  into `t_role_privs`(`role_id`,`priv_id`,`creation_date`,`creator`,`last_update_date`,`updator`) values (6,'00201','2018-09-20','DBA','2018-09-20','DBA');
insert  into `t_role_privs`(`role_id`,`priv_id`,`creation_date`,`creator`,`last_update_date`,`updator`) values (6,'00301','2018-09-20','DBA','2018-09-20','DBA');
insert  into `t_role_privs`(`role_id`,`priv_id`,`creation_date`,`creator`,`last_update_date`,`updator`) values (6,'00401','2018-09-20','DBA','2018-09-20','DBA');
insert  into `t_role_privs`(`role_id`,`priv_id`,`creation_date`,`creator`,`last_update_date`,`updator`) values (6,'00501','2018-09-20','DBA','2018-09-20','DBA');
insert  into `t_role_privs`(`role_id`,`priv_id`,`creation_date`,`creator`,`last_update_date`,`updator`) values (6,'00502','2018-09-20','DBA','2018-09-20','DBA');
insert  into `t_role_privs`(`role_id`,`priv_id`,`creation_date`,`creator`,`last_update_date`,`updator`) values (6,'00601','2018-09-20','DBA','2018-09-20','DBA');
insert  into `t_role_privs`(`role_id`,`priv_id`,`creation_date`,`creator`,`last_update_date`,`updator`) values (4,'00101','2019-12-12','DBA','2019-12-12','DBA');
insert  into `t_role_privs`(`role_id`,`priv_id`,`creation_date`,`creator`,`last_update_date`,`updator`) values (4,'00102','2019-12-12','DBA','2019-12-12','DBA');
insert  into `t_role_privs`(`role_id`,`priv_id`,`creation_date`,`creator`,`last_update_date`,`updator`) values (4,'00103','2019-12-12','DBA','2019-12-12','DBA');
insert  into `t_role_privs`(`role_id`,`priv_id`,`creation_date`,`creator`,`last_update_date`,`updator`) values (4,'00201','2019-12-12','DBA','2019-12-12','DBA');
insert  into `t_role_privs`(`role_id`,`priv_id`,`creation_date`,`creator`,`last_update_date`,`updator`) values (4,'00202','2019-12-12','DBA','2019-12-12','DBA');
insert  into `t_role_privs`(`role_id`,`priv_id`,`creation_date`,`creator`,`last_update_date`,`updator`) values (4,'00203','2019-12-12','DBA','2019-12-12','DBA');
insert  into `t_role_privs`(`role_id`,`priv_id`,`creation_date`,`creator`,`last_update_date`,`updator`) values (4,'00301','2019-12-12','DBA','2019-12-12','DBA');
insert  into `t_role_privs`(`role_id`,`priv_id`,`creation_date`,`creator`,`last_update_date`,`updator`) values (4,'00302','2019-12-12','DBA','2019-12-12','DBA');
insert  into `t_role_privs`(`role_id`,`priv_id`,`creation_date`,`creator`,`last_update_date`,`updator`) values (4,'00303','2019-12-12','DBA','2019-12-12','DBA');
insert  into `t_role_privs`(`role_id`,`priv_id`,`creation_date`,`creator`,`last_update_date`,`updator`) values (4,'00501','2019-12-12','DBA','2019-12-12','DBA');
insert  into `t_role_privs`(`role_id`,`priv_id`,`creation_date`,`creator`,`last_update_date`,`updator`) values (4,'00502','2019-12-12','DBA','2019-12-12','DBA');
insert  into `t_role_privs`(`role_id`,`priv_id`,`creation_date`,`creator`,`last_update_date`,`updator`) values (4,'00503','2019-12-12','DBA','2019-12-12','DBA');
insert  into `t_role_privs`(`role_id`,`priv_id`,`creation_date`,`creator`,`last_update_date`,`updator`) values (4,'00504','2019-12-12','DBA','2019-12-12','DBA');
insert  into `t_role_privs`(`role_id`,`priv_id`,`creation_date`,`creator`,`last_update_date`,`updator`) values (4,'00801','2019-12-12','DBA','2019-12-12','DBA');
insert  into `t_role_privs`(`role_id`,`priv_id`,`creation_date`,`creator`,`last_update_date`,`updator`) values (4,'00901','2019-12-12','DBA','2019-12-12','DBA');
insert  into `t_role_privs`(`role_id`,`priv_id`,`creation_date`,`creator`,`last_update_date`,`updator`) values (4,'01201','2019-12-12','DBA','2019-12-12','DBA');
insert  into `t_role_privs`(`role_id`,`priv_id`,`creation_date`,`creator`,`last_update_date`,`updator`) values (4,'01301','2019-12-12','DBA','2019-12-12','DBA');
insert  into `t_role_privs`(`role_id`,`priv_id`,`creation_date`,`creator`,`last_update_date`,`updator`) values (4,'00602','2019-12-12','DBA','2019-12-12','DBA');
insert  into `t_role_privs`(`role_id`,`priv_id`,`creation_date`,`creator`,`last_update_date`,`updator`) values (4,'00403','2019-12-12','DBA','2019-12-12','DBA');
insert  into `t_role_privs`(`role_id`,`priv_id`,`creation_date`,`creator`,`last_update_date`,`updator`) values (4,'00404','2019-12-12','DBA','2019-12-12','DBA');
insert  into `t_role_privs`(`role_id`,`priv_id`,`creation_date`,`creator`,`last_update_date`,`updator`) values (4,'00601','2019-12-12','DBA','2019-12-12','DBA');
insert  into `t_role_privs`(`role_id`,`priv_id`,`creation_date`,`creator`,`last_update_date`,`updator`) values (4,'4','2019-12-12','DBA','2019-12-12','DBA');
insert  into `t_role_privs`(`role_id`,`priv_id`,`creation_date`,`creator`,`last_update_date`,`updator`) values (4,'5','2019-12-12','DBA','2019-12-12','DBA');
insert  into `t_role_privs`(`role_id`,`priv_id`,`creation_date`,`creator`,`last_update_date`,`updator`) values (4,'6','2019-12-12','DBA','2019-12-12','DBA');
insert  into `t_role_privs`(`role_id`,`priv_id`,`creation_date`,`creator`,`last_update_date`,`updator`) values (5,'00101','2019-12-26','DBA','2019-12-26','DBA');
insert  into `t_role_privs`(`role_id`,`priv_id`,`creation_date`,`creator`,`last_update_date`,`updator`) values (5,'00102','2019-12-26','DBA','2019-12-26','DBA');
insert  into `t_role_privs`(`role_id`,`priv_id`,`creation_date`,`creator`,`last_update_date`,`updator`) values (5,'00103','2019-12-26','DBA','2019-12-26','DBA');
insert  into `t_role_privs`(`role_id`,`priv_id`,`creation_date`,`creator`,`last_update_date`,`updator`) values (5,'00104','2019-12-26','DBA','2019-12-26','DBA');
insert  into `t_role_privs`(`role_id`,`priv_id`,`creation_date`,`creator`,`last_update_date`,`updator`) values (5,'00201','2019-12-26','DBA','2019-12-26','DBA');
insert  into `t_role_privs`(`role_id`,`priv_id`,`creation_date`,`creator`,`last_update_date`,`updator`) values (5,'00202','2019-12-26','DBA','2019-12-26','DBA');
insert  into `t_role_privs`(`role_id`,`priv_id`,`creation_date`,`creator`,`last_update_date`,`updator`) values (5,'00203','2019-12-26','DBA','2019-12-26','DBA');
insert  into `t_role_privs`(`role_id`,`priv_id`,`creation_date`,`creator`,`last_update_date`,`updator`) values (5,'00301','2019-12-26','DBA','2019-12-26','DBA');
insert  into `t_role_privs`(`role_id`,`priv_id`,`creation_date`,`creator`,`last_update_date`,`updator`) values (5,'00302','2019-12-26','DBA','2019-12-26','DBA');
insert  into `t_role_privs`(`role_id`,`priv_id`,`creation_date`,`creator`,`last_update_date`,`updator`) values (5,'00303','2019-12-26','DBA','2019-12-26','DBA');
insert  into `t_role_privs`(`role_id`,`priv_id`,`creation_date`,`creator`,`last_update_date`,`updator`) values (5,'00401','2019-12-26','DBA','2019-12-26','DBA');
insert  into `t_role_privs`(`role_id`,`priv_id`,`creation_date`,`creator`,`last_update_date`,`updator`) values (5,'00402','2019-12-26','DBA','2019-12-26','DBA');
insert  into `t_role_privs`(`role_id`,`priv_id`,`creation_date`,`creator`,`last_update_date`,`updator`) values (5,'00403','2019-12-26','DBA','2019-12-26','DBA');
insert  into `t_role_privs`(`role_id`,`priv_id`,`creation_date`,`creator`,`last_update_date`,`updator`) values (5,'00404','2019-12-26','DBA','2019-12-26','DBA');
insert  into `t_role_privs`(`role_id`,`priv_id`,`creation_date`,`creator`,`last_update_date`,`updator`) values (5,'00501','2019-12-26','DBA','2019-12-26','DBA');
insert  into `t_role_privs`(`role_id`,`priv_id`,`creation_date`,`creator`,`last_update_date`,`updator`) values (5,'00502','2019-12-26','DBA','2019-12-26','DBA');
insert  into `t_role_privs`(`role_id`,`priv_id`,`creation_date`,`creator`,`last_update_date`,`updator`) values (5,'00503','2019-12-26','DBA','2019-12-26','DBA');
insert  into `t_role_privs`(`role_id`,`priv_id`,`creation_date`,`creator`,`last_update_date`,`updator`) values (5,'00601','2019-12-26','DBA','2019-12-26','DBA');
insert  into `t_role_privs`(`role_id`,`priv_id`,`creation_date`,`creator`,`last_update_date`,`updator`) values (5,'00602','2019-12-26','DBA','2019-12-26','DBA');
insert  into `t_role_privs`(`role_id`,`priv_id`,`creation_date`,`creator`,`last_update_date`,`updator`) values (5,'00603','2019-12-26','DBA','2019-12-26','DBA');
insert  into `t_role_privs`(`role_id`,`priv_id`,`creation_date`,`creator`,`last_update_date`,`updator`) values (5,'00604','2019-12-26','DBA','2019-12-26','DBA');
insert  into `t_role_privs`(`role_id`,`priv_id`,`creation_date`,`creator`,`last_update_date`,`updator`) values (5,'00701','2019-12-26','DBA','2019-12-26','DBA');
insert  into `t_role_privs`(`role_id`,`priv_id`,`creation_date`,`creator`,`last_update_date`,`updator`) values (5,'00702','2019-12-26','DBA','2019-12-26','DBA');
insert  into `t_role_privs`(`role_id`,`priv_id`,`creation_date`,`creator`,`last_update_date`,`updator`) values (5,'00703','2019-12-26','DBA','2019-12-26','DBA');
insert  into `t_role_privs`(`role_id`,`priv_id`,`creation_date`,`creator`,`last_update_date`,`updator`) values (5,'00704','2019-12-26','DBA','2019-12-26','DBA');
insert  into `t_role_privs`(`role_id`,`priv_id`,`creation_date`,`creator`,`last_update_date`,`updator`) values (5,'00705','2019-12-26','DBA','2019-12-26','DBA');
insert  into `t_role_privs`(`role_id`,`priv_id`,`creation_date`,`creator`,`last_update_date`,`updator`) values (5,'00706','2019-12-26','DBA','2019-12-26','DBA');
insert  into `t_role_privs`(`role_id`,`priv_id`,`creation_date`,`creator`,`last_update_date`,`updator`) values (5,'00707','2019-12-26','DBA','2019-12-26','DBA');
insert  into `t_role_privs`(`role_id`,`priv_id`,`creation_date`,`creator`,`last_update_date`,`updator`) values (5,'00708','2019-12-26','DBA','2019-12-26','DBA');
insert  into `t_role_privs`(`role_id`,`priv_id`,`creation_date`,`creator`,`last_update_date`,`updator`) values (5,'00801','2019-12-26','DBA','2019-12-26','DBA');
insert  into `t_role_privs`(`role_id`,`priv_id`,`creation_date`,`creator`,`last_update_date`,`updator`) values (5,'00802','2019-12-26','DBA','2019-12-26','DBA');
insert  into `t_role_privs`(`role_id`,`priv_id`,`creation_date`,`creator`,`last_update_date`,`updator`) values (5,'00803','2019-12-26','DBA','2019-12-26','DBA');
insert  into `t_role_privs`(`role_id`,`priv_id`,`creation_date`,`creator`,`last_update_date`,`updator`) values (5,'00804','2019-12-26','DBA','2019-12-26','DBA');
insert  into `t_role_privs`(`role_id`,`priv_id`,`creation_date`,`creator`,`last_update_date`,`updator`) values (5,'00805','2019-12-26','DBA','2019-12-26','DBA');
insert  into `t_role_privs`(`role_id`,`priv_id`,`creation_date`,`creator`,`last_update_date`,`updator`) values (5,'00901','2019-12-26','DBA','2019-12-26','DBA');
insert  into `t_role_privs`(`role_id`,`priv_id`,`creation_date`,`creator`,`last_update_date`,`updator`) values (5,'00902','2019-12-26','DBA','2019-12-26','DBA');
insert  into `t_role_privs`(`role_id`,`priv_id`,`creation_date`,`creator`,`last_update_date`,`updator`) values (5,'00903','2019-12-26','DBA','2019-12-26','DBA');
insert  into `t_role_privs`(`role_id`,`priv_id`,`creation_date`,`creator`,`last_update_date`,`updator`) values (5,'01001','2019-12-26','DBA','2019-12-26','DBA');
insert  into `t_role_privs`(`role_id`,`priv_id`,`creation_date`,`creator`,`last_update_date`,`updator`) values (5,'01002','2019-12-26','DBA','2019-12-26','DBA');
insert  into `t_role_privs`(`role_id`,`priv_id`,`creation_date`,`creator`,`last_update_date`,`updator`) values (5,'01003','2019-12-26','DBA','2019-12-26','DBA');
insert  into `t_role_privs`(`role_id`,`priv_id`,`creation_date`,`creator`,`last_update_date`,`updator`) values (5,'01004','2019-12-26','DBA','2019-12-26','DBA');
insert  into `t_role_privs`(`role_id`,`priv_id`,`creation_date`,`creator`,`last_update_date`,`updator`) values (5,'01005','2019-12-26','DBA','2019-12-26','DBA');
insert  into `t_role_privs`(`role_id`,`priv_id`,`creation_date`,`creator`,`last_update_date`,`updator`) values (5,'01007','2019-12-26','DBA','2019-12-26','DBA');
insert  into `t_role_privs`(`role_id`,`priv_id`,`creation_date`,`creator`,`last_update_date`,`updator`) values (5,'01101','2019-12-26','DBA','2019-12-26','DBA');
insert  into `t_role_privs`(`role_id`,`priv_id`,`creation_date`,`creator`,`last_update_date`,`updator`) values (5,'01102','2019-12-26','DBA','2019-12-26','DBA');
insert  into `t_role_privs`(`role_id`,`priv_id`,`creation_date`,`creator`,`last_update_date`,`updator`) values (5,'01103','2019-12-26','DBA','2019-12-26','DBA');
insert  into `t_role_privs`(`role_id`,`priv_id`,`creation_date`,`creator`,`last_update_date`,`updator`) values (5,'01201','2019-12-26','DBA','2019-12-26','DBA');
insert  into `t_role_privs`(`role_id`,`priv_id`,`creation_date`,`creator`,`last_update_date`,`updator`) values (5,'01202','2019-12-26','DBA','2019-12-26','DBA');
insert  into `t_role_privs`(`role_id`,`priv_id`,`creation_date`,`creator`,`last_update_date`,`updator`) values (5,'01203','2019-12-26','DBA','2019-12-26','DBA');
insert  into `t_role_privs`(`role_id`,`priv_id`,`creation_date`,`creator`,`last_update_date`,`updator`) values (5,'01301','2019-12-26','DBA','2019-12-26','DBA');
insert  into `t_role_privs`(`role_id`,`priv_id`,`creation_date`,`creator`,`last_update_date`,`updator`) values (5,'01302','2019-12-26','DBA','2019-12-26','DBA');
insert  into `t_role_privs`(`role_id`,`priv_id`,`creation_date`,`creator`,`last_update_date`,`updator`) values (5,'01303','2019-12-26','DBA','2019-12-26','DBA');
insert  into `t_role_privs`(`role_id`,`priv_id`,`creation_date`,`creator`,`last_update_date`,`updator`) values (5,'01304','2019-12-26','DBA','2019-12-26','DBA');
insert  into `t_role_privs`(`role_id`,`priv_id`,`creation_date`,`creator`,`last_update_date`,`updator`) values (5,'01401','2019-12-26','DBA','2019-12-26','DBA');
insert  into `t_role_privs`(`role_id`,`priv_id`,`creation_date`,`creator`,`last_update_date`,`updator`) values (5,'01402','2019-12-26','DBA','2019-12-26','DBA');
insert  into `t_role_privs`(`role_id`,`priv_id`,`creation_date`,`creator`,`last_update_date`,`updator`) values (5,'01403','2019-12-26','DBA','2019-12-26','DBA');
insert  into `t_role_privs`(`role_id`,`priv_id`,`creation_date`,`creator`,`last_update_date`,`updator`) values (5,'01501','2019-12-26','DBA','2019-12-26','DBA');
insert  into `t_role_privs`(`role_id`,`priv_id`,`creation_date`,`creator`,`last_update_date`,`updator`) values (5,'01502','2019-12-26','DBA','2019-12-26','DBA');
insert  into `t_role_privs`(`role_id`,`priv_id`,`creation_date`,`creator`,`last_update_date`,`updator`) values (5,'01901','2019-12-26','DBA','2019-12-26','DBA');
insert  into `t_role_privs`(`role_id`,`priv_id`,`creation_date`,`creator`,`last_update_date`,`updator`) values (5,'01902','2019-12-26','DBA','2019-12-26','DBA');
insert  into `t_role_privs`(`role_id`,`priv_id`,`creation_date`,`creator`,`last_update_date`,`updator`) values (5,'01903','2019-12-26','DBA','2019-12-26','DBA');
insert  into `t_role_privs`(`role_id`,`priv_id`,`creation_date`,`creator`,`last_update_date`,`updator`) values (5,'02001','2019-12-26','DBA','2019-12-26','DBA');
insert  into `t_role_privs`(`role_id`,`priv_id`,`creation_date`,`creator`,`last_update_date`,`updator`) values (5,'02002','2019-12-26','DBA','2019-12-26','DBA');
insert  into `t_role_privs`(`role_id`,`priv_id`,`creation_date`,`creator`,`last_update_date`,`updator`) values (5,'02003','2019-12-26','DBA','2019-12-26','DBA');
insert  into `t_role_privs`(`role_id`,`priv_id`,`creation_date`,`creator`,`last_update_date`,`updator`) values (5,'02101','2019-12-26','DBA','2019-12-26','DBA');
insert  into `t_role_privs`(`role_id`,`priv_id`,`creation_date`,`creator`,`last_update_date`,`updator`) values (5,'02201','2019-12-26','DBA','2019-12-26','DBA');
insert  into `t_role_privs`(`role_id`,`priv_id`,`creation_date`,`creator`,`last_update_date`,`updator`) values (5,'4','2019-12-26','DBA','2019-12-26','DBA');
insert  into `t_role_privs`(`role_id`,`priv_id`,`creation_date`,`creator`,`last_update_date`,`updator`) values (5,'5','2019-12-26','DBA','2019-12-26','DBA');
insert  into `t_role_privs`(`role_id`,`priv_id`,`creation_date`,`creator`,`last_update_date`,`updator`) values (5,'6','2019-12-26','DBA','2019-12-26','DBA');

/*Data for the table `t_server` */

insert  into `t_server`(`id`,`market_id`,`server_type`,`server_desc`,`server_ip`,`server_port`,`server_user`,`server_pass`,`server_os`,`server_cpu`,`server_mem`,`status`) values (1,'218',NULL,'北京朝阳合生汇同步服务器','10.16.34.14','65508','hopson','Tong2@01!8*','CentOS','2核','18G','1');
insert  into `t_server`(`id`,`market_id`,`server_type`,`server_desc`,`server_ip`,`server_port`,`server_user`,`server_pass`,`server_os`,`server_cpu`,`server_mem`,`status`) values (2,'110',NULL,'上海五角场同步服务器','192.168.0.83','65508','hopson','Tong2@01!8*','CentoS','4核','14G','1');
insert  into `t_server`(`id`,`market_id`,`server_type`,`server_desc`,`server_ip`,`server_port`,`server_user`,`server_pass`,`server_os`,`server_cpu`,`server_mem`,`status`) values (3,'108',NULL,'成都珠江广场同步服务器','10.28.8.233','65508','hopson','Tong2@01!8*','CentoS','2核','14G','1');
insert  into `t_server`(`id`,`market_id`,`server_type`,`server_desc`,`server_ip`,`server_port`,`server_user`,`server_pass`,`server_os`,`server_cpu`,`server_mem`,`status`) values (4,'132',NULL,'广州嘉和南同步服务器','10.25.128.84','65508','hopson','Tong2@01!8*','CentoS','2核','14G','1');
insert  into `t_server`(`id`,`market_id`,`server_type`,`server_desc`,`server_ip`,`server_port`,`server_user`,`server_pass`,`server_os`,`server_cpu`,`server_mem`,`status`) values (5,'234',NULL,'上海青浦米格同步服务器','10.5.3.26','65508','hopson','Tong2@01!8*','CentoS','8核','12G','1');
insert  into `t_server`(`id`,`market_id`,`server_type`,`server_desc`,`server_ip`,`server_port`,`server_user`,`server_pass`,`server_os`,`server_cpu`,`server_mem`,`status`) values (6,'150',NULL,'广州合生骏景广场同步服务器','10.19.72.205','65508','hopson','Tong2@01!8*','CentoS','2核','10G','1');
insert  into `t_server`(`id`,`market_id`,`server_type`,`server_desc`,`server_ip`,`server_port`,`server_user`,`server_pass`,`server_os`,`server_cpu`,`server_mem`,`status`) values (7,'-1',NULL,'阿里云同步中转服务器','47.94.197.105','65508','hopson','Tong2@01!8*','CentoS','8核','16G','1');
insert  into `t_server`(`id`,`market_id`,`server_type`,`server_desc`,`server_ip`,`server_port`,`server_user`,`server_pass`,`server_os`,`server_cpu`,`server_mem`,`status`) values (8,'10230',NULL,'西安时代广场同步服务器','10.43.128.185','65508','hopson','Tong2@01!8*','CentoS','2核','12G','1');
insert  into `t_server`(`id`,`market_id`,`server_type`,`server_desc`,`server_ip`,`server_port`,`server_user`,`server_pass`,`server_os`,`server_cpu`,`server_mem`,`status`) values (9,'20229',NULL,'广州珠江国际纺织城同步服务器','gzfzcpark.hopsontong.com','60023','hopson','Tong2@01!8*','CentoS','2核','6G','1');
insert  into `t_server`(`id`,`market_id`,`server_type`,`server_desc`,`server_ip`,`server_port`,`server_user`,`server_pass`,`server_os`,`server_cpu`,`server_mem`,`status`) values (10,'213',NULL,'北京望京麒麟新天地同步服务器','bjwjqlspark.hopsontong.com','60036','hopson','Tong2@01!8*','CentoS','2核','12G','1');
insert  into `t_server`(`id`,`market_id`,`server_type`,`server_desc`,`server_ip`,`server_port`,`server_user`,`server_pass`,`server_os`,`server_cpu`,`server_mem`,`status`) values (11,'194',NULL,'广州南方花园同步服务器','10.19.53.205','65508','hopson','Tong2@01!8*','CentoS','2核','6G','1');
insert  into `t_server`(`id`,`market_id`,`server_type`,`server_desc`,`server_ip`,`server_port`,`server_user`,`server_pass`,`server_os`,`server_cpu`,`server_mem`,`status`) values (12,'188',NULL,'广州越华珠江广场同步服务器','10.13.25.205','65508','hopson','Tong2@01!8*','CentoS','2核','6G','1');
insert  into `t_server`(`id`,`market_id`,`server_type`,`server_desc`,`server_ip`,`server_port`,`server_user`,`server_pass`,`server_os`,`server_cpu`,`server_mem`,`status`) values (13,'145',NULL,'广州珠江投资大厦同步服务器','10.19.42.205','65508','hopson','Tong2@01!8*','CentoS','2核','6G','1');
insert  into `t_server`(`id`,`market_id`,`server_type`,`server_desc`,`server_ip`,`server_port`,`server_user`,`server_pass`,`server_os`,`server_cpu`,`server_mem`,`status`) values (14,'141',NULL,'北京合生财富广场同步服务器','bjcfpark.hopsontong.com','60015','hopson','Tong2@01!8*','CentoS','4核','8G','1');
insert  into `t_server`(`id`,`market_id`,`server_type`,`server_desc`,`server_ip`,`server_port`,`server_user`,`server_pass`,`server_os`,`server_cpu`,`server_mem`,`status`) values (15,'000','1','合生通内网备份服务器','10.2.39.59','65508','hopson','7EF92B23DBE48D2996886B444D40308A','CentOS','4核','12G','1');
insert  into `t_server`(`id`,`market_id`,`server_type`,`server_desc`,`server_ip`,`server_port`,`server_user`,`server_pass`,`server_os`,`server_cpu`,`server_mem`,`status`) values (17,'000','1','合生通生产备份服务器','47.94.197.105','65508','hopson','7EF92B23DBE48D2996886B444D40308A','CentOS','8核','16G','1');
insert  into `t_server`(`id`,`market_id`,`server_type`,`server_desc`,`server_ip`,`server_port`,`server_user`,`server_pass`,`server_os`,`server_cpu`,`server_mem`,`status`) values (18,'218','2','北京朝阳合生汇同步服务器','10.16.34.14','65508','hopson','7EF92B23DBE48D2996886B444D40308A','CentOS','2核','18G','1');
insert  into `t_server`(`id`,`market_id`,`server_type`,`server_desc`,`server_ip`,`server_port`,`server_user`,`server_pass`,`server_os`,`server_cpu`,`server_mem`,`status`) values (19,'110','2','上海五角场同步服务器','10.61.101.251','65508','hopson','7EF92B23DBE48D2996886B444D40308A','CentOS','4核','14G','1');
insert  into `t_server`(`id`,`market_id`,`server_type`,`server_desc`,`server_ip`,`server_port`,`server_user`,`server_pass`,`server_os`,`server_cpu`,`server_mem`,`status`) values (20,'108','2','成都珠江广场同步服务器','10.28.8.233','65508','hopson','7EF92B23DBE48D2996886B444D40308A','CentOS','2核','14G','1');
insert  into `t_server`(`id`,`market_id`,`server_type`,`server_desc`,`server_ip`,`server_port`,`server_user`,`server_pass`,`server_os`,`server_cpu`,`server_mem`,`status`) values (21,'132','2','广州嘉和南同步服务器','10.25.128.84','65508','hopson','7EF92B23DBE48D2996886B444D40308A','CentOS','2核','14G','1');
insert  into `t_server`(`id`,`market_id`,`server_type`,`server_desc`,`server_ip`,`server_port`,`server_user`,`server_pass`,`server_os`,`server_cpu`,`server_mem`,`status`) values (22,'234','2','上海青浦米格同步服务器','10.5.3.26','65508','hopson','7EF92B23DBE48D2996886B444D40308A','CentOS','8核','12G','1');
insert  into `t_server`(`id`,`market_id`,`server_type`,`server_desc`,`server_ip`,`server_port`,`server_user`,`server_pass`,`server_os`,`server_cpu`,`server_mem`,`status`) values (23,'150','2','广州合生骏景广场同步服务器','10.19.72.205','65508','hopson','7EF92B23DBE48D2996886B444D40308A','CentOS','2核','10G','1');
insert  into `t_server`(`id`,`market_id`,`server_type`,`server_desc`,`server_ip`,`server_port`,`server_user`,`server_pass`,`server_os`,`server_cpu`,`server_mem`,`status`) values (24,'10230','2','西安时代广场同步服务器','10.43.128.185','65508','hopson','7EF92B23DBE48D2996886B444D40308A','CentOS','2核','12G','1');
insert  into `t_server`(`id`,`market_id`,`server_type`,`server_desc`,`server_ip`,`server_port`,`server_user`,`server_pass`,`server_os`,`server_cpu`,`server_mem`,`status`) values (25,'20229','2','广州珠江国际纺织城同步服务器','gzfzcpark.hopsontong.com','60023','hopson','7EF92B23DBE48D2996886B444D40308A','CentOS','2核','6G','1');
insert  into `t_server`(`id`,`market_id`,`server_type`,`server_desc`,`server_ip`,`server_port`,`server_user`,`server_pass`,`server_os`,`server_cpu`,`server_mem`,`status`) values (26,'213','2','合生新天地同步服务器','bjwjqlspark.hopsontong.com','60036','hopson','7EF92B23DBE48D2996886B444D40308A','CentOS','2核','12G','1');
insert  into `t_server`(`id`,`market_id`,`server_type`,`server_desc`,`server_ip`,`server_port`,`server_user`,`server_pass`,`server_os`,`server_cpu`,`server_mem`,`status`) values (27,'194','2','广州南方花园同步服务器','10.19.53.205','65508','hopson','7EF92B23DBE48D2996886B444D40308A','CentOS','2核','6G','1');
insert  into `t_server`(`id`,`market_id`,`server_type`,`server_desc`,`server_ip`,`server_port`,`server_user`,`server_pass`,`server_os`,`server_cpu`,`server_mem`,`status`) values (28,'188','2','广州越华珠江广场同步服务器','10.13.25.205','65508','hopson','7EF92B23DBE48D2996886B444D40308A','CentOS','2核','6G','1');
insert  into `t_server`(`id`,`market_id`,`server_type`,`server_desc`,`server_ip`,`server_port`,`server_user`,`server_pass`,`server_os`,`server_cpu`,`server_mem`,`status`) values (29,'145','2','广州珠江投资大厦同步服务器','10.19.42.205','65508','hopson','7EF92B23DBE48D2996886B444D40308A','CentOS','2核','6G','1');
insert  into `t_server`(`id`,`market_id`,`server_type`,`server_desc`,`server_ip`,`server_port`,`server_user`,`server_pass`,`server_os`,`server_cpu`,`server_mem`,`status`) values (30,'141','2','北京合生财富广场同步服务器','bjcfpark.hopsontong.com','60015','hopson','7EF92B23DBE48D2996886B444D40308A','CentOS','2核','8G','1');
insert  into `t_server`(`id`,`market_id`,`server_type`,`server_desc`,`server_ip`,`server_port`,`server_user`,`server_pass`,`server_os`,`server_cpu`,`server_mem`,`status`) values (31,'999','2','合生通云同步中转服务器','47.94.197.105','65508','hopson','7EF92B23DBE48D2996886B444D40308A','CentoS','8核','16G','1');
insert  into `t_server`(`id`,`market_id`,`server_type`,`server_desc`,`server_ip`,`server_port`,`server_user`,`server_pass`,`server_os`,`server_cpu`,`server_mem`,`status`) values (32,'-2',NULL,'阿里云数据同步服务器','39.107.142.12','65508','hopson','Tong2@01!8*','CentoS','4核','32G','1');
insert  into `t_server`(`id`,`market_id`,`server_type`,`server_desc`,`server_ip`,`server_port`,`server_user`,`server_pass`,`server_os`,`server_cpu`,`server_mem`,`status`) values (33,'-3',NULL,'集团数据同步服务器','10.2.39.27','65508','hopson','Tong2@01!8*','CentoS','1核','8G','1');
insert  into `t_server`(`id`,`market_id`,`server_type`,`server_desc`,`server_ip`,`server_port`,`server_user`,`server_pass`,`server_os`,`server_cpu`,`server_mem`,`status`) values (34,'164','2','北京合生广场同步服务器','10.16.33.10','65508','hopson','7EF92B23DBE48D2996886B444D40308A','CentOS','4核','10G','1');
insert  into `t_server`(`id`,`market_id`,`server_type`,`server_desc`,`server_ip`,`server_port`,`server_user`,`server_pass`,`server_os`,`server_cpu`,`server_mem`,`status`) values (35,'000','2','合生通业务库同步服务器','39.107.142.12','65508','hopson','7EF92B23DBE48D2996886B444D40308A','CentOS','4核','32G','1');
insert  into `t_server`(`id`,`market_id`,`server_type`,`server_desc`,`server_ip`,`server_port`,`server_user`,`server_pass`,`server_os`,`server_cpu`,`server_mem`,`status`) values (36,'001','1','好房生产备份服务器','39.98.87.109','65508','hopson','7EF92B23DBE48D2996886B444D40308A','CentOS','8核','16G','1');
insert  into `t_server`(`id`,`market_id`,`server_type`,`server_desc`,`server_ip`,`server_port`,`server_user`,`server_pass`,`server_os`,`server_cpu`,`server_mem`,`status`) values (37,'000','2','合生通内网同步服务器','10.2.39.59','65508','hopson','7EF92B23DBE48D2996886B444D40308A','CentOS','4核','12G','1');

/*Data for the table `t_sql_audit_rule` */

insert  into `t_sql_audit_rule`(`id`,`rule_code`,`rule_name`,`rule_value`,`error`,`status`) values (0,'switch_check_ddl','检测DDL语法及权限','true','{0}','1');
insert  into `t_sql_audit_rule`(`id`,`rule_code`,`rule_name`,`rule_value`,`error`,`status`) values (1,'switch_tab_not_exists_pk','检查表必须为主键','true','表:\'{0}\'无主键!','1');
insert  into `t_sql_audit_rule`(`id`,`rule_code`,`rule_name`,`rule_value`,`error`,`status`) values (2,'switch_tab_pk_id','强制主键名为ID','true','表:\'{0}\'主键列名必须为\"id\"!','1');
insert  into `t_sql_audit_rule`(`id`,`rule_code`,`rule_name`,`rule_value`,`error`,`status`) values (3,'switch_tab_pk_auto_incr','强制主键为自增列','true','表:\'{0}\'主键列名必须为自增列!','1');
insert  into `t_sql_audit_rule`(`id`,`rule_code`,`rule_name`,`rule_value`,`error`,`status`) values (4,'switch_tab_pk_autoincrement_1','强制自增列初始值为1','true','表:\'{0}\'主键列自增初始值必须为1!','1');
insert  into `t_sql_audit_rule`(`id`,`rule_code`,`rule_name`,`rule_value`,`error`,`status`) values (5,'switch_pk_not_int_bigint','允许主键类型非int/bigint','false','表:\'{0}\'主键类型非int/bigint','1');
insert  into `t_sql_audit_rule`(`id`,`rule_code`,`rule_name`,`rule_value`,`error`,`status`) values (6,'switch_tab_comment','检查表注释','true','表:\'{0}\'没有注释!','1');
insert  into `t_sql_audit_rule`(`id`,`rule_code`,`rule_name`,`rule_value`,`error`,`status`) values (7,'switch_col_comment','检查列注释','true','表:\'{0}\'列\'{1}\'没有注释!','1');
insert  into `t_sql_audit_rule`(`id`,`rule_code`,`rule_name`,`rule_value`,`error`,`status`) values (8,'switch_col_not_null','检查列是否为not null','false','表:\'{0}\'列\'{1}\'不能为空!','1');
insert  into `t_sql_audit_rule`(`id`,`rule_code`,`rule_name`,`rule_value`,`error`,`status`) values (9,'switch_col_default_value','检查列默认值','true','表:\'{0}\'列\'{1}\'没有默认值!','1');
insert  into `t_sql_audit_rule`(`id`,`rule_code`,`rule_name`,`rule_value`,`error`,`status`) values (10,'switch_time_col_default_value','检查时间字段默认值','true','表:\'{0}\'时间列\'{1}\'默认值必须为\'CURRENT_TIMESTAMP ON UPDATE CURRENT_TIMESTAMP\'!','1');
insert  into `t_sql_audit_rule`(`id`,`rule_code`,`rule_name`,`rule_value`,`error`,`status`) values (11,'switch_char_max_len','字符字段最大长度','2000','表:\'{0}\'字符列\'{1}\'长度不能超过{2}!','1');
insert  into `t_sql_audit_rule`(`id`,`rule_code`,`rule_name`,`rule_value`,`error`,`status`) values (12,'switch_tab_has_time_fields','表必须拥有字段','create_time,update_time','表:\'{0}\'无\'{1}\'列!','1');
insert  into `t_sql_audit_rule`(`id`,`rule_code`,`rule_name`,`rule_value`,`error`,`status`) values (13,'switch_tab_tcol_datetime','时间字段类型为datetime','true','表:\'{0}\'列\'{1}\'必须为datetime类型!','1');
insert  into `t_sql_audit_rule`(`id`,`rule_code`,`rule_name`,`rule_value`,`error`,`status`) values (14,'switch_tab_char_total_len','字符列总长度','true','表:\'{0}\'字符列总长度超过{0}个字符!','0');
insert  into `t_sql_audit_rule`(`id`,`rule_code`,`rule_name`,`rule_value`,`error`,`status`) values (15,'switch_virtual_col','允许便用虚拟列','false','表:\'{0}\'不允许使用虚拟列!','0');
insert  into `t_sql_audit_rule`(`id`,`rule_code`,`rule_name`,`rule_value`,`error`,`status`) values (22,'switch_tab_max_len','表名最大长度','60','表:\'{0}\'列\'{1}\'超过\'{2}\'字符!','0');

/*Data for the table `t_sql_release` */

insert  into `t_sql_release`(`id`,`dbid`,`sqltext`,`status`,`message`,`creation_date`,`creator`,`last_update_date`,`updator`,`audit_date`,`auditor`,`version`,`type`) values (1,2,'CREATE TABLE t2(id INT PRIMARY KEY AUTO_INCREMENT comment \'id\',\nj INT comment \'j\') COMMENT \'t2....\'','1','ddd','2019-12-04 11:33:34','DBA','2019-12-04 16:00:38','DBA','2019-12-04 16:00:38','DBA','','1');
insert  into `t_sql_release`(`id`,`dbid`,`sqltext`,`status`,`message`,`creation_date`,`creator`,`last_update_date`,`updator`,`audit_date`,`auditor`,`version`,`type`) values (2,2,'CREATE TABLE t2(id INT PRIMARY KEY AUTO_INCREMENT comment \'id\',\nj INT not null comment \'j\') COMMENT \'t2....\'','1','ddd','2019-12-04 11:42:35','DBA','2019-12-04 16:00:33','DBA','2019-12-04 16:00:33','DBA','','1');
insert  into `t_sql_release`(`id`,`dbid`,`sqltext`,`status`,`message`,`creation_date`,`creator`,`last_update_date`,`updator`,`audit_date`,`auditor`,`version`,`type`) values (3,2,'CREATE TABLE t2(id INT PRIMARY KEY AUTO_INCREMENT COMMENT \'id\',\n  j INT NOT NULL COMMENT \'j\') COMMENT \'t2....\'','1','001','2019-12-05 18:21:38','DBA','2019-12-13 09:57:47','DBA','2019-12-13 09:57:47','DBA','','1');
insert  into `t_sql_release`(`id`,`dbid`,`sqltext`,`status`,`message`,`creation_date`,`creator`,`last_update_date`,`updator`,`audit_date`,`auditor`,`version`,`type`) values (4,2,'CREATE TABLE t2\n  (id INT PRIMARY KEY AUTO_INCREMENT COMMENT \'id\',\n  j INT NOT NULL COMMENT \'j\' DEFAULT 0,\n  k datetime DEFAULT CURRENT_TIMESTAMP ON UPDATE CURRENT_TIMESTAMP COMMENT \'time col\') COMMENT \'t2....\'','1','002','2019-12-06 11:09:23','DBA','2019-12-13 09:57:41','DBA','2019-12-13 09:57:41','DBA','1','1');

/*Data for the table `t_sql_release_results` */

/*Data for the table `t_sys_usage` */

/*Data for the table `t_user` */

insert  into `t_user`(`id`,`name`,`gender`,`email`,`phone`,`dept`,`expire_date`,`password`,`status`,`creation_date`,`creator`,`last_update_date`,`updator`,`login_name`) values (23,'马飞','1','190343@lifeat.cn','15810420106','06','2019-12-31','E0E0C5305A8AEB8159E5C35EFA9275F6','1','2018-07-03','DBA','2019-03-20','DBA','mafei');
insert  into `t_user`(`id`,`name`,`gender`,`email`,`phone`,`dept`,`expire_date`,`password`,`status`,`creation_date`,`creator`,`last_update_date`,`updator`,`login_name`) values (25,'管理员','1','zhdn_791005@164.com','15801620809','03','2020-11-20','F07EC69BAB53200EDA2B672D4D2C9093','1','2018-08-27','DBA','2019-12-12','DBA','admin');
insert  into `t_user`(`id`,`name`,`gender`,`email`,`phone`,`dept`,`expire_date`,`password`,`status`,`creation_date`,`creator`,`last_update_date`,`updator`,`login_name`) values (91,'王芳芳','2','190241@lifeat.com','18310189890','01','2019-12-24','DD955894EEC804122C45E8782F51FF9C','1','2019-03-19','DBA','2019-03-19','DBA','wangfangfang');
insert  into `t_user`(`id`,`name`,`gender`,`email`,`phone`,`dept`,`expire_date`,`password`,`status`,`creation_date`,`creator`,`last_update_date`,`updator`,`login_name`) values (92,'陆俊彪','1','609012@hopson.com.cn','15652630399','01','2019-12-31','727267D7BA387691399B90520C47EC81','1','2019-03-19','DBA','2019-03-19','DBA','lujunbiao');
insert  into `t_user`(`id`,`name`,`gender`,`email`,`phone`,`dept`,`expire_date`,`password`,`status`,`creation_date`,`creator`,`last_update_date`,`updator`,`login_name`) values (93,'路鑫','1','609717@hopson.com.cn','18500407025','01','2019-12-31','9B0CD0AE729D08FD57E98F3D617BFC38','1','2019-03-19','DBA','2019-03-19','DBA','luxin');
insert  into `t_user`(`id`,`name`,`gender`,`email`,`phone`,`dept`,`expire_date`,`password`,`status`,`creation_date`,`creator`,`last_update_date`,`updator`,`login_name`) values (94,'梁超','1','190168@lifeat.com','17600443930','01','2019-10-31','6F9FCDB5EA5865B56A8880D9DDB5005F','1','2019-03-19','DBA','2019-03-19','DBA','liangchao');
insert  into `t_user`(`id`,`name`,`gender`,`email`,`phone`,`dept`,`expire_date`,`password`,`status`,`creation_date`,`creator`,`last_update_date`,`updator`,`login_name`) values (95,'顾晓','1','608545@hopson.com.cn','13699105067','01','2019-12-31','116C9E3012CCCD3732C5F356CBB19322','1','2019-03-19','DBA','2019-03-19','DBA','guxiao');
insert  into `t_user`(`id`,`name`,`gender`,`email`,`phone`,`dept`,`expire_date`,`password`,`status`,`creation_date`,`creator`,`last_update_date`,`updator`,`login_name`) values (96,'张世超','1','190320@lifeat.cn','15510443664','01','2019-12-31','7C307431EF4397C21B89AA2767781771','1','2019-03-19','DBA','2019-03-19','DBA','zhangshichao');
insert  into `t_user`(`id`,`name`,`gender`,`email`,`phone`,`dept`,`expire_date`,`password`,`status`,`creation_date`,`creator`,`last_update_date`,`updator`,`login_name`) values (97,'张世超','1','190320@lifeat.cn','15510443664','01','2019-12-31','7C307431EF4397C21B89AA2767781771','1','2019-03-19','DBA','2019-03-19','DBA','zhangshichao');
insert  into `t_user`(`id`,`name`,`gender`,`email`,`phone`,`dept`,`expire_date`,`password`,`status`,`creation_date`,`creator`,`last_update_date`,`updator`,`login_name`) values (98,'冯甜甜','2','609701@lifeat.cn','13031738066','01','2019-12-31','2617FB2D8EFBF0B4056C0E1BFF6F11C8','1','2019-03-19','DBA','2019-07-30','DBA','梁超');
insert  into `t_user`(`id`,`name`,`gender`,`email`,`phone`,`dept`,`expire_date`,`password`,`status`,`creation_date`,`creator`,`last_update_date`,`updator`,`login_name`) values (99,'冯甜甜','2','609701@lifeat.cn','13031738066','01','2019-12-31','6CA0C9ABC031A37D7C6720BCB190E693','1','2019-03-19','DBA','2019-03-19','DBA','fengtiantian');
insert  into `t_user`(`id`,`name`,`gender`,`email`,`phone`,`dept`,`expire_date`,`password`,`status`,`creation_date`,`creator`,`last_update_date`,`updator`,`login_name`) values (100,'刘希金','1','190160@lifeat.com','13521332195','01','2019-12-31','39D37C64A2108B7BE896CFD22B0F7A4F','1','2019-03-19','DBA','2019-03-19','DBA','liuxijin');
insert  into `t_user`(`id`,`name`,`gender`,`email`,`phone`,`dept`,`expire_date`,`password`,`status`,`creation_date`,`creator`,`last_update_date`,`updator`,`login_name`) values (101,'申豹','1','190291@lifeat.cn','13460690607','01','2019-12-31','B99A55338BB73E7CC4DD0D45F99FE59B','1','2019-03-19','DBA','2019-11-20','DBA','shenbao');
insert  into `t_user`(`id`,`name`,`gender`,`email`,`phone`,`dept`,`expire_date`,`password`,`status`,`creation_date`,`creator`,`last_update_date`,`updator`,`login_name`) values (102,'王志鹏','1','608520@hopson.com.cn','15011380929','01','2019-12-31','674FF546C29F6CABA6A8F2213BF8DFBD','1','2019-03-19','DBA','2019-08-19','DBA','wangzhipeng');
insert  into `t_user`(`id`,`name`,`gender`,`email`,`phone`,`dept`,`expire_date`,`password`,`status`,`creation_date`,`creator`,`last_update_date`,`updator`,`login_name`) values (103,'郭张书','1','190205@lifeat.cn','18210171811','06','2019-11-23','049DD5E2F89EA85F64194CB6F8180582','1','2019-03-19','DBA','2019-11-12','DBA','guozhangshu');
insert  into `t_user`(`id`,`name`,`gender`,`email`,`phone`,`dept`,`expire_date`,`password`,`status`,`creation_date`,`creator`,`last_update_date`,`updator`,`login_name`) values (104,'龚涛','1','609479@hopson.com.cn','13811818420','01','2019-12-31','0AC0FD6B904F61D34940740263A37B3B','1','2019-03-20','DBA','2019-12-12','DBA','gongtao');
insert  into `t_user`(`id`,`name`,`gender`,`email`,`phone`,`dept`,`expire_date`,`password`,`status`,`creation_date`,`creator`,`last_update_date`,`updator`,`login_name`) values (105,'龚海鹏','1','gonghaipeng@hopson.com.cn','18611116528','01','2019-12-31','C8BF5F59D470E58B89372C58FC7FB661','1','2019-03-20','DBA','2019-03-20','DBA','gonghaipeng');
insert  into `t_user`(`id`,`name`,`gender`,`email`,`phone`,`dept`,`expire_date`,`password`,`status`,`creation_date`,`creator`,`last_update_date`,`updator`,`login_name`) values (110,'李锁臣','1','lisuochen@163.com','1234234343','06','2019-08-05','0E0EB4EC4D227A09E8F37EC8A3A218F9','1','2019-07-27','DBA','2019-07-30','DBA','lisongchen');

/*Data for the table `t_user_proj_privs` */

insert  into `t_user_proj_privs`(`id`,`proj_id`,`user_id`,`priv_id`) values (1,1,25,1);
insert  into `t_user_proj_privs`(`id`,`proj_id`,`user_id`,`priv_id`) values (2,1,25,2);
insert  into `t_user_proj_privs`(`id`,`proj_id`,`user_id`,`priv_id`) values (3,2,25,1);
insert  into `t_user_proj_privs`(`id`,`proj_id`,`user_id`,`priv_id`) values (4,2,25,2);
insert  into `t_user_proj_privs`(`id`,`proj_id`,`user_id`,`priv_id`) values (6,19,25,1);

/*Data for the table `t_user_role` */

insert  into `t_user_role`(`user_id`,`role_id`) values (132,5);
insert  into `t_user_role`(`user_id`,`role_id`) values (91,6);
insert  into `t_user_role`(`user_id`,`role_id`) values (92,6);
insert  into `t_user_role`(`user_id`,`role_id`) values (93,6);
insert  into `t_user_role`(`user_id`,`role_id`) values (94,6);
insert  into `t_user_role`(`user_id`,`role_id`) values (95,6);
insert  into `t_user_role`(`user_id`,`role_id`) values (96,6);
insert  into `t_user_role`(`user_id`,`role_id`) values (97,6);
insert  into `t_user_role`(`user_id`,`role_id`) values (99,6);
insert  into `t_user_role`(`user_id`,`role_id`) values (100,6);
insert  into `t_user_role`(`user_id`,`role_id`) values (23,6);
insert  into `t_user_role`(`user_id`,`role_id`) values (105,4);
insert  into `t_user_role`(`user_id`,`role_id`) values (105,5);
insert  into `t_user_role`(`user_id`,`role_id`) values (105,6);
insert  into `t_user_role`(`user_id`,`role_id`) values (98,6);
insert  into `t_user_role`(`user_id`,`role_id`) values (110,4);
insert  into `t_user_role`(`user_id`,`role_id`) values (102,6);
insert  into `t_user_role`(`user_id`,`role_id`) values (102,5);
insert  into `t_user_role`(`user_id`,`role_id`) values (103,4);
insert  into `t_user_role`(`user_id`,`role_id`) values (103,5);
insert  into `t_user_role`(`user_id`,`role_id`) values (101,6);
insert  into `t_user_role`(`user_id`,`role_id`) values (25,4);
insert  into `t_user_role`(`user_id`,`role_id`) values (25,5);
insert  into `t_user_role`(`user_id`,`role_id`) values (25,6);
insert  into `t_user_role`(`user_id`,`role_id`) values (25,4);
insert  into `t_user_role`(`user_id`,`role_id`) values (25,5);
insert  into `t_user_role`(`user_id`,`role_id`) values (25,6);
insert  into `t_user_role`(`user_id`,`role_id`) values (104,4);
insert  into `t_user_role`(`user_id`,`role_id`) values (104,5);
insert  into `t_user_role`(`user_id`,`role_id`) values (104,6);
insert  into `t_user_role`(`user_id`,`role_id`) values (104,4);
insert  into `t_user_role`(`user_id`,`role_id`) values (104,5);
insert  into `t_user_role`(`user_id`,`role_id`) values (104,6);

/*Data for the table `t_xtqx` */

insert  into `t_xtqx`(`id`,`name`,`parent_id`,`url`,`status`,`icon`,`creation_date`,`creator`,`last_update_date`,`updator`) values ('',NULL,NULL,NULL,NULL,NULL,NULL,NULL,NULL,NULL);
insert  into `t_xtqx`(`id`,`name`,`parent_id`,`url`,`status`,`icon`,`creation_date`,`creator`,`last_update_date`,`updator`) values ('0','根结点','','','1',NULL,'2018-06-30','DBA','2018-06-30','DBA');
insert  into `t_xtqx`(`id`,`name`,`parent_id`,`url`,`status`,`icon`,`creation_date`,`creator`,`last_update_date`,`updator`) values ('001','用户管理','0','','1','fa fa-user','2018-06-30','DBA','2018-06-30','DBA');
insert  into `t_xtqx`(`id`,`name`,`parent_id`,`url`,`status`,`icon`,`creation_date`,`creator`,`last_update_date`,`updator`) values ('00101','用户查询','001','/user/query','1',NULL,'2018-06-30','DBA','2019-07-30','DBA');
insert  into `t_xtqx`(`id`,`name`,`parent_id`,`url`,`status`,`icon`,`creation_date`,`creator`,`last_update_date`,`updator`) values ('00102','用户新增','001','/user/add','1',NULL,'2018-06-30','DBA','2018-06-30','DBA');
insert  into `t_xtqx`(`id`,`name`,`parent_id`,`url`,`status`,`icon`,`creation_date`,`creator`,`last_update_date`,`updator`) values ('00103','用户变更','001','/user/change','1',NULL,'2018-06-30','DBA','2018-06-30','DBA');
insert  into `t_xtqx`(`id`,`name`,`parent_id`,`url`,`status`,`icon`,`creation_date`,`creator`,`last_update_date`,`updator`) values ('00104','项目授权','001','/project/query','1',NULL,'2018-09-02','DBA','2019-10-22','DBA');
insert  into `t_xtqx`(`id`,`name`,`parent_id`,`url`,`status`,`icon`,`creation_date`,`creator`,`last_update_date`,`updator`) values ('002','角色管理','0','','1','mdi mdi-account-switch','2018-06-30','DBA','2018-06-30','DBA');
insert  into `t_xtqx`(`id`,`name`,`parent_id`,`url`,`status`,`icon`,`creation_date`,`creator`,`last_update_date`,`updator`) values ('00201','角色查询','002','/role/query','1',NULL,'2018-06-30','DBA','2018-06-30','DBA');
insert  into `t_xtqx`(`id`,`name`,`parent_id`,`url`,`status`,`icon`,`creation_date`,`creator`,`last_update_date`,`updator`) values ('00202','角色新增','002','/role/add','1',NULL,'2018-06-30','DBA','2018-06-30','DBA');
insert  into `t_xtqx`(`id`,`name`,`parent_id`,`url`,`status`,`icon`,`creation_date`,`creator`,`last_update_date`,`updator`) values ('00203','角色变更','002','/role/change','1',NULL,'2018-06-30','DBA','2018-06-30','DBA');
insert  into `t_xtqx`(`id`,`name`,`parent_id`,`url`,`status`,`icon`,`creation_date`,`creator`,`last_update_date`,`updator`) values ('003','菜单管理','0','','1','mdi mdi-file-tree','2018-07-01','DBA','2018-09-10','DBA');
insert  into `t_xtqx`(`id`,`name`,`parent_id`,`url`,`status`,`icon`,`creation_date`,`creator`,`last_update_date`,`updator`) values ('00301','菜单查询','003','/menu/query','1',NULL,'2018-07-01','DBA','2018-07-01','DBA');
insert  into `t_xtqx`(`id`,`name`,`parent_id`,`url`,`status`,`icon`,`creation_date`,`creator`,`last_update_date`,`updator`) values ('00302','菜单新增','003','/menu/add','1',NULL,'2018-07-01','DBA','2018-07-01','DBA');
insert  into `t_xtqx`(`id`,`name`,`parent_id`,`url`,`status`,`icon`,`creation_date`,`creator`,`last_update_date`,`updator`) values ('00303','菜单变更','003','/menu/change','1',NULL,'2018-07-01','DBA','2018-09-10','DBA');
insert  into `t_xtqx`(`id`,`name`,`parent_id`,`url`,`status`,`icon`,`creation_date`,`creator`,`last_update_date`,`updator`) values ('004','数据源管理','0','','1','mdi mdi-chemical-weapon','2018-07-01','DBA','2018-07-01','DBA');
insert  into `t_xtqx`(`id`,`name`,`parent_id`,`url`,`status`,`icon`,`creation_date`,`creator`,`last_update_date`,`updator`) values ('00401','数据源查询','004','/ds/query','1',NULL,'2018-07-01','DBA','2019-08-18','DBA');
insert  into `t_xtqx`(`id`,`name`,`parent_id`,`url`,`status`,`icon`,`creation_date`,`creator`,`last_update_date`,`updator`) values ('00402','数据源新增','004','/ds/add','1',NULL,'2018-07-01','DBA','2019-08-18','DBA');
insert  into `t_xtqx`(`id`,`name`,`parent_id`,`url`,`status`,`icon`,`creation_date`,`creator`,`last_update_date`,`updator`) values ('00403','数据源变更','004','/ds/change','1',NULL,'2018-07-01','DBA','2019-08-18','DBA');
insert  into `t_xtqx`(`id`,`name`,`parent_id`,`url`,`status`,`icon`,`creation_date`,`creator`,`last_update_date`,`updator`) values ('00404','数据源测试','004','/ds/test','1',NULL,'2018-07-08','DBA','2018-07-08','DBA');
insert  into `t_xtqx`(`id`,`name`,`parent_id`,`url`,`status`,`icon`,`creation_date`,`creator`,`last_update_date`,`updator`) values ('005','服务器管理','0','','1','mdi mdi-monitor','2018-10-15','DBA','2018-10-15','DBA');
insert  into `t_xtqx`(`id`,`name`,`parent_id`,`url`,`status`,`icon`,`creation_date`,`creator`,`last_update_date`,`updator`) values ('00501','服务器查询','005','/server/query','1',NULL,'2018-10-15','DBA','2018-10-15','DBA');
insert  into `t_xtqx`(`id`,`name`,`parent_id`,`url`,`status`,`icon`,`creation_date`,`creator`,`last_update_date`,`updator`) values ('00502','新增服务器','005','/server/add','1',NULL,'2018-10-15','DBA','2018-10-15','DBA');
insert  into `t_xtqx`(`id`,`name`,`parent_id`,`url`,`status`,`icon`,`creation_date`,`creator`,`last_update_date`,`updator`) values ('00503','服务器变更','005','/server/change','1',NULL,'2018-10-15','DBA','2018-10-15','DBA');
insert  into `t_xtqx`(`id`,`name`,`parent_id`,`url`,`status`,`icon`,`creation_date`,`creator`,`last_update_date`,`updator`) values ('006','数据库监控','0','','1','mdi mdi-chart-line','2018-09-03','DBA','2018-09-03','DBA');
insert  into `t_xtqx`(`id`,`name`,`parent_id`,`url`,`status`,`icon`,`creation_date`,`creator`,`last_update_date`,`updator`) values ('00601','指标管理','006','/monitor/query','1','','2018-09-03','DBA','2018-09-03','DBA');
insert  into `t_xtqx`(`id`,`name`,`parent_id`,`url`,`status`,`icon`,`creation_date`,`creator`,`last_update_date`,`updator`) values ('00602','模板管理','006','/monitor/templete','1','','2018-10-03','DBA','2018-10-03','DBA');
insert  into `t_xtqx`(`id`,`name`,`parent_id`,`url`,`status`,`icon`,`creation_date`,`creator`,`last_update_date`,`updator`) values ('00603','服务器管理','006','/monitor/server','1',NULL,'2018-11-17','DBA','2018-11-17','DBA');
insert  into `t_xtqx`(`id`,`name`,`parent_id`,`url`,`status`,`icon`,`creation_date`,`creator`,`last_update_date`,`updator`) values ('00604','监控图表','006','/monitor/chart','1',NULL,'2018-10-15','DBA','2019-10-15','DBA');
insert  into `t_xtqx`(`id`,`name`,`parent_id`,`url`,`status`,`icon`,`creation_date`,`creator`,`last_update_date`,`updator`) values ('00605','监控设置',NULL,'/monitor/setting',NULL,NULL,NULL,NULL,NULL,NULL);
insert  into `t_xtqx`(`id`,`name`,`parent_id`,`url`,`status`,`icon`,`creation_date`,`creator`,`last_update_date`,`updator`) values ('007','数据库操作','0','','1','mdi mdi-database','2018-07-08','DBA','2018-07-08','DBA');
insert  into `t_xtqx`(`id`,`name`,`parent_id`,`url`,`status`,`icon`,`creation_date`,`creator`,`last_update_date`,`updator`) values ('00701','数据库查询','007','/sql/query','1',NULL,'2018-07-08','DBA','2018-07-08','DBA');
insert  into `t_xtqx`(`id`,`name`,`parent_id`,`url`,`status`,`icon`,`creation_date`,`creator`,`last_update_date`,`updator`) values ('00702','数据库发布','007','/sql/release','1',NULL,'2018-07-08','DBA','2018-07-08','DBA');
insert  into `t_xtqx`(`id`,`name`,`parent_id`,`url`,`status`,`icon`,`creation_date`,`creator`,`last_update_date`,`updator`) values ('00703','数据库审核','007','/sql/audit','1',NULL,'2018-07-08','DBA','2018-07-08','DBA');
insert  into `t_xtqx`(`id`,`name`,`parent_id`,`url`,`status`,`icon`,`creation_date`,`creator`,`last_update_date`,`updator`) values ('00704','数据库导出','007','/sql/exp','1',NULL,'2018-07-08','DBA','2018-10-03','DBA');
insert  into `t_xtqx`(`id`,`name`,`parent_id`,`url`,`status`,`icon`,`creation_date`,`creator`,`last_update_date`,`updator`) values ('00705','数据库导入','007','/sql/imp','1',NULL,'2018-10-03','DBA','2018-10-03','DBA');
insert  into `t_xtqx`(`id`,`name`,`parent_id`,`url`,`status`,`icon`,`creation_date`,`creator`,`last_update_date`,`updator`) values ('00706','慢查询采集','007','/show/stats','1',NULL,'2018-10-03','DBA','2018-10-03','DBA');
insert  into `t_xtqx`(`id`,`name`,`parent_id`,`url`,`status`,`icon`,`creation_date`,`creator`,`last_update_date`,`updator`) values ('00707','慢查询分析','007','/show/analyze','1',NULL,'2018-10-03','DBA','2018-10-03','DBA');
insert  into `t_xtqx`(`id`,`name`,`parent_id`,`url`,`status`,`icon`,`creation_date`,`creator`,`last_update_date`,`updator`) values ('00708','Redis迁移','007','/redis/migrate','1',NULL,'2018-10-03','DBA','2018-10-03','DBA');
insert  into `t_xtqx`(`id`,`name`,`parent_id`,`url`,`status`,`icon`,`creation_date`,`creator`,`last_update_date`,`updator`) values ('008','数据库备份','0','','1','mdi mdi-content-copy','2018-10-03','DBA','2018-10-03','DBA');
insert  into `t_xtqx`(`id`,`name`,`parent_id`,`url`,`status`,`icon`,`creation_date`,`creator`,`last_update_date`,`updator`) values ('00801','新建备份','008','/backup/add','1',NULL,'2018-10-03','DBA','2019-10-21','DBA');
insert  into `t_xtqx`(`id`,`name`,`parent_id`,`url`,`status`,`icon`,`creation_date`,`creator`,`last_update_date`,`updator`) values ('00802','备份维护','008','/backup/change','1',NULL,'2018-10-15','DBA','2019-10-26','DBA');
insert  into `t_xtqx`(`id`,`name`,`parent_id`,`url`,`status`,`icon`,`creation_date`,`creator`,`last_update_date`,`updator`) values ('00803','任务查询','008','/backup/query','1',NULL,'2018-10-15','DBA','2019-10-23','DBA');
insert  into `t_xtqx`(`id`,`name`,`parent_id`,`url`,`status`,`icon`,`creation_date`,`creator`,`last_update_date`,`updator`) values ('00804','日志查询','008','/backup/log/query','1',NULL,'2018-10-15','DBA','2018-10-15','DBA');
insert  into `t_xtqx`(`id`,`name`,`parent_id`,`url`,`status`,`icon`,`creation_date`,`creator`,`last_update_date`,`updator`) values ('00805','日志分析','008','/backup/log/analyze','1',NULL,'2018-10-15','DBA','2018-10-15','DBA');
insert  into `t_xtqx`(`id`,`name`,`parent_id`,`url`,`status`,`icon`,`creation_date`,`creator`,`last_update_date`,`updator`) values ('009','数据库恢复','0','','1','mdi mdi-backup-restore','2018-10-03','DBA','2018-10-03','DBA');
insert  into `t_xtqx`(`id`,`name`,`parent_id`,`url`,`status`,`icon`,`creation_date`,`creator`,`last_update_date`,`updator`) values ('00901','恢复向导','009','/recover/guide','1',NULL,'2018-10-03','DBA','2018-10-03','DBA');
insert  into `t_xtqx`(`id`,`name`,`parent_id`,`url`,`status`,`icon`,`creation_date`,`creator`,`last_update_date`,`updator`) values ('00902','恢复配置','009','/recover/config','1',NULL,'2018-10-15','DBA','2018-10-15','DBA');
insert  into `t_xtqx`(`id`,`name`,`parent_id`,`url`,`status`,`icon`,`creation_date`,`creator`,`last_update_date`,`updator`) values ('00903','恢复查询','009','/recover/query','1',NULL,'2018-10-15','DBA','2018-10-15','DBA');
insert  into `t_xtqx`(`id`,`name`,`parent_id`,`url`,`status`,`icon`,`creation_date`,`creator`,`last_update_date`,`updator`) values ('010','数据库同步','0','','1','mdi mdi-sync','2018-10-03','DBA','2018-10-03','DBA');
insert  into `t_xtqx`(`id`,`name`,`parent_id`,`url`,`status`,`icon`,`creation_date`,`creator`,`last_update_date`,`updator`) values ('01001','新建同步','010','/sync/add','1',NULL,'2018-10-03','DBA','2018-10-03','DBA');
insert  into `t_xtqx`(`id`,`name`,`parent_id`,`url`,`status`,`icon`,`creation_date`,`creator`,`last_update_date`,`updator`) values ('01002','同步维护','010','/sync/change','1',NULL,'2018-10-03','DBA','2018-10-03','DBA');
insert  into `t_xtqx`(`id`,`name`,`parent_id`,`url`,`status`,`icon`,`creation_date`,`creator`,`last_update_date`,`updator`) values ('01003','任务查询','010','/sync/query','1',NULL,'2018-10-03','DBA','2018-10-03','DBA');
insert  into `t_xtqx`(`id`,`name`,`parent_id`,`url`,`status`,`icon`,`creation_date`,`creator`,`last_update_date`,`updator`) values ('01004','日志查询','010','/sync/log/query','1',NULL,'2018-10-15','DBA','2019-10-15','DBA');
insert  into `t_xtqx`(`id`,`name`,`parent_id`,`url`,`status`,`icon`,`creation_date`,`creator`,`last_update_date`,`updator`) values ('01005','日志分析','010','/sync/log/analyze','1',NULL,'2018-10-15','DBA','2019-10-15','DBA');
insert  into `t_xtqx`(`id`,`name`,`parent_id`,`url`,`status`,`icon`,`creation_date`,`creator`,`last_update_date`,`updator`) values ('01007','同步拓扑','010','/sync/log/graph','1',NULL,'2018-10-15','DBA','2019-10-15','DBA');
insert  into `t_xtqx`(`id`,`name`,`parent_id`,`url`,`status`,`icon`,`creation_date`,`creator`,`last_update_date`,`updator`) values ('011','数据库传输','0','','1','mdi mdi-swap-horizontal','2018-10-03','DBA','2018-10-03','DBA');
insert  into `t_xtqx`(`id`,`name`,`parent_id`,`url`,`status`,`icon`,`creation_date`,`creator`,`last_update_date`,`updator`) values ('01101','传输向导','011','/transfer/guide','1',NULL,'2018-10-03','DBA','2018-10-03','DBA');
insert  into `t_xtqx`(`id`,`name`,`parent_id`,`url`,`status`,`icon`,`creation_date`,`creator`,`last_update_date`,`updator`) values ('01102','传输配置','011','/transfer/config','1',NULL,'2018-10-15','DBA','2018-10-15','DBA');
insert  into `t_xtqx`(`id`,`name`,`parent_id`,`url`,`status`,`icon`,`creation_date`,`creator`,`last_update_date`,`updator`) values ('01103','传输查询','011','/transfer/query','1',NULL,'2018-10-15','DBA','2018-10-15','DBA');
insert  into `t_xtqx`(`id`,`name`,`parent_id`,`url`,`status`,`icon`,`creation_date`,`creator`,`last_update_date`,`updator`) values ('012','数据库归档','0','','1','mdi mdi-lan-connect','2018-10-03','DBA','2018-10-03','DBA');
insert  into `t_xtqx`(`id`,`name`,`parent_id`,`url`,`status`,`icon`,`creation_date`,`creator`,`last_update_date`,`updator`) values ('01201','归档向导','012','/migration/guide','1',NULL,'2018-10-03','DBA','2018-10-03','DBA');
insert  into `t_xtqx`(`id`,`name`,`parent_id`,`url`,`status`,`icon`,`creation_date`,`creator`,`last_update_date`,`updator`) values ('01202','任务配置','012','/migration/task','1',NULL,'2018-10-03','DBA','2018-10-03','DBA');
insert  into `t_xtqx`(`id`,`name`,`parent_id`,`url`,`status`,`icon`,`creation_date`,`creator`,`last_update_date`,`updator`) values ('01203','日志查询','012','/migration/log','1',NULL,'2018-10-03','DBA','2018-10-03','DBA');
insert  into `t_xtqx`(`id`,`name`,`parent_id`,`url`,`status`,`icon`,`creation_date`,`creator`,`last_update_date`,`updator`) values ('013','自动化部署','0','','1','mdi mdi-polymer',NULL,NULL,NULL,NULL);
insert  into `t_xtqx`(`id`,`name`,`parent_id`,`url`,`status`,`icon`,`creation_date`,`creator`,`last_update_date`,`updator`) values ('01301','MySQL单实例部署','013','/deploy/alone_deploy','1',NULL,NULL,NULL,NULL,NULL);
insert  into `t_xtqx`(`id`,`name`,`parent_id`,`url`,`status`,`icon`,`creation_date`,`creator`,`last_update_date`,`updator`) values ('01302','MySQL主从部署','013','/deploy/cluster_deploy','1',NULL,NULL,NULL,NULL,NULL);
insert  into `t_xtqx`(`id`,`name`,`parent_id`,`url`,`status`,`icon`,`creation_date`,`creator`,`last_update_date`,`updator`) values ('01303','MySQL MHA部署','013','/deploy/mha_deploy','1',NULL,NULL,NULL,NULL,NULL);
insert  into `t_xtqx`(`id`,`name`,`parent_id`,`url`,`status`,`icon`,`creation_date`,`creator`,`last_update_date`,`updator`) values ('01304','MySQL PXC部署','013','/deploy/pxc_deploy','1',NULL,NULL,NULL,NULL,NULL);
insert  into `t_xtqx`(`id`,`name`,`parent_id`,`url`,`status`,`icon`,`creation_date`,`creator`,`last_update_date`,`updator`) values ('014','工单管理','0','','1','mdi mdi-format-align-left',NULL,NULL,NULL,NULL);
insert  into `t_xtqx`(`id`,`name`,`parent_id`,`url`,`status`,`icon`,`creation_date`,`creator`,`last_update_date`,`updator`) values ('01401','新建工单','014','/work/new','1',NULL,NULL,NULL,NULL,NULL);
insert  into `t_xtqx`(`id`,`name`,`parent_id`,`url`,`status`,`icon`,`creation_date`,`creator`,`last_update_date`,`updator`) values ('01402','工单查询','014','/work/query','1',NULL,NULL,NULL,NULL,NULL);
insert  into `t_xtqx`(`id`,`name`,`parent_id`,`url`,`status`,`icon`,`creation_date`,`creator`,`last_update_date`,`updator`) values ('01403','工单变更','014','/work/change','1',NULL,NULL,NULL,NULL,NULL);
insert  into `t_xtqx`(`id`,`name`,`parent_id`,`url`,`status`,`icon`,`creation_date`,`creator`,`last_update_date`,`updator`) values ('015','任务管理','0','','1','mdi mdi-alarm',NULL,NULL,NULL,NULL);
insert  into `t_xtqx`(`id`,`name`,`parent_id`,`url`,`status`,`icon`,`creation_date`,`creator`,`last_update_date`,`updator`) values ('01501','新建任务','015','/task/new','1',NULL,NULL,NULL,NULL,NULL);
insert  into `t_xtqx`(`id`,`name`,`parent_id`,`url`,`status`,`icon`,`creation_date`,`creator`,`last_update_date`,`updator`) values ('01502','任务查询','015','/task/query','1',NULL,NULL,NULL,NULL,NULL);
insert  into `t_xtqx`(`id`,`name`,`parent_id`,`url`,`status`,`icon`,`creation_date`,`creator`,`last_update_date`,`updator`) values ('01503','任务变更','015','/task/change',NULL,NULL,NULL,NULL,NULL,NULL);
insert  into `t_xtqx`(`id`,`name`,`parent_id`,`url`,`status`,`icon`,`creation_date`,`creator`,`last_update_date`,`updator`) values ('019','消息管理','0','','1','mdi mdi-message-text-outline','2018-10-03','DBA','2018-10-03','DBA');
insert  into `t_xtqx`(`id`,`name`,`parent_id`,`url`,`status`,`icon`,`creation_date`,`creator`,`last_update_date`,`updator`) values ('01901','消息发布','019','/message/release','1',NULL,'2018-10-03','DBA','2018-10-03','DBA');
insert  into `t_xtqx`(`id`,`name`,`parent_id`,`url`,`status`,`icon`,`creation_date`,`creator`,`last_update_date`,`updator`) values ('01902','消息查询','019','/message/query','1',NULL,'2018-10-15','DBA','2018-10-15','DBA');
insert  into `t_xtqx`(`id`,`name`,`parent_id`,`url`,`status`,`icon`,`creation_date`,`creator`,`last_update_date`,`updator`) values ('01903','消息变更','019','/message/change','1',NULL,'2018-10-15','DBA','2018-10-15','DBA');
insert  into `t_xtqx`(`id`,`name`,`parent_id`,`url`,`status`,`icon`,`creation_date`,`creator`,`last_update_date`,`updator`) values ('020','系统管理','0','','1','mdi mdi-settings','2018-10-03','DBA','2018-10-03','DBA');
insert  into `t_xtqx`(`id`,`name`,`parent_id`,`url`,`status`,`icon`,`creation_date`,`creator`,`last_update_date`,`updator`) values ('02001','系统设置','020','/sys/setting','1',NULL,'2018-10-15','DBA','2018-10-15','DBA');
insert  into `t_xtqx`(`id`,`name`,`parent_id`,`url`,`status`,`icon`,`creation_date`,`creator`,`last_update_date`,`updator`) values ('02002','审核规则','020','sys/audit_rule','1','mdi mdi-crop','2018-10-15','DBA','2019-10-15','DBA');
insert  into `t_xtqx`(`id`,`name`,`parent_id`,`url`,`status`,`icon`,`creation_date`,`creator`,`last_update_date`,`updator`) values ('02003','代码管理','020','/sys/code','1','mdi mdi-code-brackets','2018-10-03','DBA','2018-10-03','DBA');
insert  into `t_xtqx`(`id`,`name`,`parent_id`,`url`,`status`,`icon`,`creation_date`,`creator`,`last_update_date`,`updator`) values ('021','应用管理','0','','1','mdi mdi-code-brackets','2018-10-03','DBA','2018-10-03','DBA');
insert  into `t_xtqx`(`id`,`name`,`parent_id`,`url`,`status`,`icon`,`creation_date`,`creator`,`last_update_date`,`updator`) values ('02101','端口管理','021','/app/port','1','mdi mdi-code-brackets','2018-10-03','DBA','2018-10-03','DBA');
insert  into `t_xtqx`(`id`,`name`,`parent_id`,`url`,`status`,`icon`,`creation_date`,`creator`,`last_update_date`,`updator`) values ('022','大数据管理','0',NULL,'1','mdi mdi-settings',NULL,NULL,NULL,NULL);
insert  into `t_xtqx`(`id`,`name`,`parent_id`,`url`,`status`,`icon`,`creation_date`,`creator`,`last_update_date`,`updator`) values ('02201','新增同步','022','/bigdata/add','1',NULL,NULL,NULL,NULL,NULL);

/*!40101 SET SQL_MODE=@OLD_SQL_MODE */;
/*!40014 SET UNIQUE_CHECKS=@OLD_UNIQUE_CHECKS */;
/*!40111 SET SQL_NOTES=@OLD_SQL_NOTES */;
